season,sport,division,stage,rank,team,team_name,wins,losses,points,details,mvp,rookie,source
2003-2004,Badminton,Men's,Final Standings,1,FEU,Far Eastern University,,,,Champion,Lloyd Escoses (FEU),Wilmer Frias (FEU),IMG_0553
2003-2004,Badminton,Men's,Final Standings,2,UST,University of Santo Tomas,,,,Runner-up,Lloyd Escoses (FEU),Wilmer Frias (FEU),IMG_0553
2003-2004,Badminton,Men's,Final Standings,3,UP,University of the Philippines,,,,Third place,Lloyd Escoses (FEU),Wilmer Frias (FEU),IMG_0553
2003-2004,Badminton,Men's,Final Standings,4,UE,University of the East,,,,Fourth place,Lloyd Escoses (FEU),Wilmer Frias (FEU),IMG_0553
2003-2004,Badminton,Men's,Final Standings,5,DLSU,De La Salle University,,,,Fifth place,Lloyd Escoses (FEU),Wilmer Frias (FEU),IMG_0553
2003-2004,Badminton,Men's,Final Standings,6,ADMU,Ateneo de Manila University,,,,Sixth place,Lloyd Escoses (FEU),Wilmer Frias (FEU),IMG_0553
2003-2004,Badminton,Women's,Final Standings,1,ADMU,Ateneo de Manila University,,,,Champion,Irene Chiu (ADMU),Theresa Sebastian (FEU),IMG_0554
2003-2004,Badminton,Women's,Final Standings,2,FEU,Far Eastern University,,,,Runner-up,Irene Chiu (ADMU),Theresa Sebastian (FEU),IMG_0554
2003-2004,Badminton,Women's,Final Standings,3,DLSU,De La Salle University,,,,Third place,Irene Chiu (ADMU),Theresa Sebastian (FEU),IMG_0554
2003-2004,Badminton,Women's,Final Standings,4,UST,University of Santo Tomas,,,,Fourth place,Irene Chiu (ADMU),Theresa Sebastian (FEU),IMG_0554
2003-2004,Badminton,Women's,Final Standings,5,UP,University of the Philippines,,,,Fifth place,Irene Chiu (ADMU),Theresa Sebastian (FEU),IMG_0554
2003-2004,Badminton,Women's,Final Standings,6,UE,University of the East,,,,Sixth place,Irene Chiu (ADMU),Theresa Sebastian (FEU),IMG_0554
2003-2004,Baseball,Men's,Final Standings,1,UP,University of the Philippines,9,1,,Champion,DARWIN DELA CALZADA (UP),FRANCIS FUENTES (UST),IMG_0587
2003-2004,Baseball,Men's,Final Standings,2,UST,University of Santo Tomas,9,1,,Runner-up,DARWIN DELA CALZADA (UP),FRANCIS FUENTES (UST),IMG_0587
2003-2004,Baseball,Men's,Final Standings,3,AdU,Adamson University,4,6,,Third place,DARWIN DELA CALZADA (UP),FRANCIS FUENTES (UST),IMG_0587
2003-2004,Baseball,Men's,Final Standings,4,NU,National University,4,6,,Fourth place,DARWIN DELA CALZADA (UP),FRANCIS FUENTES (UST),IMG_0587
2003-2004,Baseball,Men's,Final Standings,5,DLSU,De La Salle University,3,7,,Fifth place,DARWIN DELA CALZADA (UP),FRANCIS FUENTES (UST),IMG_0587
2003-2004,Baseball,Men's,Final Standings,6,ADMU,Ateneo de Manila University,1,9,,Sixth place,DARWIN DELA CALZADA (UP),FRANCIS FUENTES (UST),IMG_0587
2003-2004,Basketball,Juniors,Final Standings,1,ADMU,Ateneo de Manila University,10,2,,Champion,| : (-- | :--- |),| : (-- | :--- |),"IMG_0594, IMG_0649"
2003-2004,Basketball,Juniors,Final Standings,2,AdU,Adamson University,10,2,,0.833,| : (-- | :--- |),| : (-- | :--- |),"IMG_0594, IMG_0649"
2003-2004,Basketball,Juniors,Final Standings,3,DLSZ,De La Salle Santiago Zobel School,8,4,,0.667,| : (-- | :--- |),| : (-- | :--- |),"IMG_0594, IMG_0649"
2003-2004,Basketball,Juniors,Final Standings,4,UE,University of the East,6,6,,0.500,| : (-- | :--- |),| : (-- | :--- |),"IMG_0594, IMG_0649"
2003-2004,Basketball,Juniors,Final Standings,5,UST,University of Santo Tomas,6,6,,0.500,| : (-- | :--- |),| : (-- | :--- |),"IMG_0594, IMG_0649"
2003-2004,Basketball,Juniors,Final Standings,6,UPIS,UP Integrated School,2,10,,0.167,| : (-- | :--- |),| : (-- | :--- |),"IMG_0594, IMG_0649"
2003-2004,Basketball,Juniors,Final Standings,6,UP,University of the Philippines,,,,6$^{th}$ Place,| : (-- | :--- |),| : (-- | :--- |),"IMG_0594, IMG_0649"
2003-2004,Basketball,Juniors,Final Standings,7,NU,National University,0,12,,0.000,| : (-- | :--- |),| : (-- | :--- |),"IMG_0594, IMG_0649"
2003-2004,Basketball,Men's,Final Standings,1,ADMU,Ateneo de Manila University,11,3,15,0.786,| : (-- | :--- |),| : (-- | :--- |),"IMG_0591, IMG_0592, IMG_0600, IMG_0602, IMG_0611, IMG_0632, IMG_0633"
2003-2004,Basketball,Men's,Final Standings,1,FEU,Far Eastern University,11,3,12,Champion,| : (-- | :--- |),| : (-- | :--- |),"IMG_0591, IMG_0592, IMG_0600, IMG_0602, IMG_0611, IMG_0632, IMG_0633"
2003-2004,Basketball,Men's,Final Standings,3,UE,University of the East,11,3,15,Third place,| : (-- | :--- |),| : (-- | :--- |),"IMG_0591, IMG_0592, IMG_0600, IMG_0602, IMG_0611, IMG_0632, IMG_0633"
2003-2004,Basketball,Men's,Final Standings,4,DLSU,De La Salle University,7,7,14,Fourth place,| : (-- | :--- |),| : (-- | :--- |),"IMG_0591, IMG_0592, IMG_0600, IMG_0602, IMG_0611, IMG_0632, IMG_0633"
2003-2004,Basketball,Men's,Final Standings,5,AdU,Adamson University,5,9,13,Fifth place,| : (-- | :--- |),| : (-- | :--- |),"IMG_0591, IMG_0592, IMG_0600, IMG_0602, IMG_0611, IMG_0632, IMG_0633"
2003-2004,Basketball,Men's,Final Standings,6,UST,University of Santo Tomas,5,9,6,Sixth place,| : (-- | :--- |),| : (-- | :--- |),"IMG_0591, IMG_0592, IMG_0600, IMG_0602, IMG_0611, IMG_0632, IMG_0633"
2003-2004,Basketball,Men's,Final Standings,7,UP,University of the Philippines,3,11,9,Seventh place,| : (-- | :--- |),| : (-- | :--- |),"IMG_0591, IMG_0592, IMG_0600, IMG_0602, IMG_0611, IMG_0632, IMG_0633"
2003-2004,Basketball,Men's,Final Standings,8,NU,National University,3,11,9,Eighth place,| : (-- | :--- |),| : (-- | :--- |),"IMG_0591, IMG_0592, IMG_0600, IMG_0602, IMG_0611, IMG_0632, IMG_0633"
2003-2004,Basketball,Women's,Final Standings,1,AdU,Adamson University,11,1,,0.917,Dorothy C. V. Torres (AdU),Cassandra Noel G. Tioseco (ADMU),"IMG_0593, IMG_0624"
2003-2004,Basketball,Women's,Final Standings,2,UP,University of the Philippines,8,4,,0.667,Dorothy C. V. Torres (AdU),Cassandra Noel G. Tioseco (ADMU),"IMG_0593, IMG_0624"
2003-2004,Basketball,Women's,Final Standings,3,ADMU,Ateneo de Manila University,7,5,,0.583,Dorothy C. V. Torres (AdU),Cassandra Noel G. Tioseco (ADMU),"IMG_0593, IMG_0624"
2003-2004,Basketball,Women's,Final Standings,4,DLSU,De La Salle University,7,5,,0.583,Dorothy C. V. Torres (AdU),Cassandra Noel G. Tioseco (ADMU),"IMG_0593, IMG_0624"
2003-2004,Basketball,Women's,Final Standings,5,UST,University of Santo Tomas,5,7,,0.417,Dorothy C. V. Torres (AdU),Cassandra Noel G. Tioseco (ADMU),"IMG_0593, IMG_0624"
2003-2004,Basketball,Women's,Final Standings,6,FEU,Far Eastern University,4,8,,0.333,Dorothy C. V. Torres (AdU),Cassandra Noel G. Tioseco (ADMU),"IMG_0593, IMG_0624"
2003-2004,Basketball,Women's,Final Standings,7,UE,University of the East,0,12,,0.000,Dorothy C. V. Torres (AdU),Cassandra Noel G. Tioseco (ADMU),"IMG_0593, IMG_0624"
2003-2004,Chess,Boys,Final Standings,2,UE,University of the East,,,,Bye,,,IMG_0684
2003-2004,Chess,Boys,Final Standings,3,NU,National University,,,,3,,,IMG_0684
2003-2004,Chess,Boys,Final Standings,4,ADMU,Ateneo de Manila University,,,,4,,,IMG_0684
2003-2004,Chess,Boys,Final Standings,5,DLSU,De La Salle University,,,,0,,,IMG_0684
2003-2004,Chess,Boys,Final Standings,6,UST,University of Santo Tomas,,,,1,,,IMG_0684
2003-2004,Chess,Juniors,Final Standings,1,UP,University of the Philippines,,,,Champion,JED ANGELO MAGAT (NU),ADRIAN PEREZ (UE),IMG_0681
2003-2004,Chess,Juniors,Final Standings,2,DLSU,De La Salle University,,,,Runner-up,JED ANGELO MAGAT (NU),ADRIAN PEREZ (UE),IMG_0681
2003-2004,Chess,Juniors,Final Standings,2,NU,National University,,,24.5,"Magat, Jed Angelo",JED ANGELO MAGAT (NU),ADRIAN PEREZ (UE),IMG_0681
2003-2004,Chess,Juniors,Final Standings,3,ADMU,Ateneo de Manila University,,,19,"Queseng, John",JED ANGELO MAGAT (NU),ADRIAN PEREZ (UE),IMG_0681
2003-2004,Chess,Juniors,Final Standings,3,UST,University of Santo Tomas,,,9,Third place,JED ANGELO MAGAT (NU),ADRIAN PEREZ (UE),IMG_0681
2003-2004,Chess,Juniors,Final Standings,4,UE,University of the East,,,26,Fourth place,JED ANGELO MAGAT (NU),ADRIAN PEREZ (UE),IMG_0681
2003-2004,Chess,Juniors,Final Standings,5,DLSZ,De La Salle Santiago Zobel School,,,1.5,,JED ANGELO MAGAT (NU),ADRIAN PEREZ (UE),IMG_0681
2003-2004,Chess,Juniors,Final Standings,5,FEU,Far Eastern University,,,,Fifth place,JED ANGELO MAGAT (NU),ADRIAN PEREZ (UE),IMG_0681
2003-2004,Chess,Women's,Final Standings,1,DLSU,De La Salle University,,2.5,,4,,,IMG_0680
2003-2004,Chess,Women's,Final Standings,2,UST,University of Santo Tomas,1.5,,,1,,,IMG_0680
2003-2004,Chess,Women's,Final Standings,3,UE,University of the East,0,3,,,,,IMG_0680
2003-2004,Chess,Women's,Final Standings,4,UP,University of the Philippines,3.5,2.5,,3,,,IMG_0680
2003-2004,Chess,Women's,Final Standings,5,FEU,Far Eastern University,0,0,,0,,,IMG_0680
2003-2004,Chess,Women's,Final Standings,6,ADMU,Ateneo de Manila University,0.5,1,,0,,,IMG_0680
2003-2004,Chess,Women's,Final Standings,7,NU,National University,0.5,0,,1,,,IMG_0680
2003-2004,Fencing,Men's,Final Standings,1,UE,University of the East,5,3,,Champion,Edmond Velez (UE),,"IMG_0686, IMG_0687, IMG_0688, IMG_0689, IMG_0690, IMG_0693, IMG_0694, IMG_0695, IMG_0699, IMG_0700, IMG_0701"
2003-2004,Fencing,Men's,Final Standings,3,FEU,Far Eastern University,5,5,,"Vizcayno, Wilfredo",Edmond Velez (UE),,"IMG_0686, IMG_0687, IMG_0688, IMG_0689, IMG_0690, IMG_0693, IMG_0694, IMG_0695, IMG_0699, IMG_0700, IMG_0701"
2003-2004,Fencing,Men's,Final Standings,3,UST,University of Santo Tomas,4,2,,Third place,Edmond Velez (UE),,"IMG_0686, IMG_0687, IMG_0688, IMG_0689, IMG_0690, IMG_0693, IMG_0694, IMG_0695, IMG_0699, IMG_0700, IMG_0701"
2003-2004,Fencing,Men's,Final Standings,4,UP,University of the Philippines,5,4,,Fourth place,Edmond Velez (UE),,"IMG_0686, IMG_0687, IMG_0688, IMG_0689, IMG_0690, IMG_0693, IMG_0694, IMG_0695, IMG_0699, IMG_0700, IMG_0701"
2003-2004,Fencing,Men's,Final Standings,5,ADMU,Ateneo de Manila University,,4,,Fifth place,Edmond Velez (UE),,"IMG_0686, IMG_0687, IMG_0688, IMG_0689, IMG_0690, IMG_0693, IMG_0694, IMG_0695, IMG_0699, IMG_0700, IMG_0701"
2003-2004,Fencing,Men's,Final Standings,6,DLSU,De La Salle University,3,2,,Sixth place,Edmond Velez (UE),,"IMG_0686, IMG_0687, IMG_0688, IMG_0689, IMG_0690, IMG_0693, IMG_0694, IMG_0695, IMG_0699, IMG_0700, IMG_0701"
2003-2004,Fencing,Women's,Final Standings,1,UP,University of the Philippines,1,3,,Champion,Virgie Nuestro (UP),,"IMG_0686, IMG_0687, IMG_0704, IMG_0706, IMG_0707, IMG_0708, IMG_0711, IMG_0712, IMG_0713, IMG_0718"
2003-2004,Fencing,Women's,Final Standings,3,UE,University of the East,2,0,,Third place,Virgie Nuestro (UP),,"IMG_0686, IMG_0687, IMG_0704, IMG_0706, IMG_0707, IMG_0708, IMG_0711, IMG_0712, IMG_0713, IMG_0718"
2003-2004,Fencing,Women's,Final Standings,4,ADMU,Ateneo de Manila University,,5,,Fourth place,Virgie Nuestro (UP),,"IMG_0686, IMG_0687, IMG_0704, IMG_0706, IMG_0707, IMG_0708, IMG_0711, IMG_0712, IMG_0713, IMG_0718"
2003-2004,Fencing,Women's,Final Standings,5,FEU,Far Eastern University,3,5,,Fifth place,Virgie Nuestro (UP),,"IMG_0686, IMG_0687, IMG_0704, IMG_0706, IMG_0707, IMG_0708, IMG_0711, IMG_0712, IMG_0713, IMG_0718"
2003-2004,Fencing,Women's,Final Standings,6,DLSU,De La Salle University,5,5,,Sixth place,Virgie Nuestro (UP),,"IMG_0686, IMG_0687, IMG_0704, IMG_0706, IMG_0707, IMG_0708, IMG_0711, IMG_0712, IMG_0713, IMG_0718"
2003-2004,Fencing,Women's,Final Standings,6,UST,University of Santo Tomas,5,5,,"ORENDAIN, Harlene",Virgie Nuestro (UP),,"IMG_0686, IMG_0687, IMG_0704, IMG_0706, IMG_0707, IMG_0708, IMG_0711, IMG_0712, IMG_0713, IMG_0718"
2003-2004,Football,Men's,Final Standings,1,ADMU,Ateneo de Manila University,7,2,2,Champion,Ariel Zerrudo (UP),Patrick Ozaeta (ADMU),IMG_0720
2003-2004,Football,Men's,Final Standings,2,UP,University of the Philippines,5,4,2,13,Ariel Zerrudo (UP),Patrick Ozaeta (ADMU),IMG_0720
2003-2004,Football,Men's,Final Standings,3,FEU,Far Eastern University,4,4,2,10,Ariel Zerrudo (UP),Patrick Ozaeta (ADMU),IMG_0720
2003-2004,Football,Men's,Final Standings,4,UST,University of Santo Tomas,3,4,3,6,Ariel Zerrudo (UP),Patrick Ozaeta (ADMU),IMG_0720
2003-2004,Football,Men's,Final Standings,5,UE,University of the East,2,3,5,4,Ariel Zerrudo (UP),Patrick Ozaeta (ADMU),IMG_0720
2003-2004,Football,Men's,Final Standings,6,DLSU,De La Salle University,0,3,7,5,Ariel Zerrudo (UP),Patrick Ozaeta (ADMU),IMG_0720
2003-2004,Football,Women's,Final Standings,1,DLSU,De La Salle University,8,,1,Champion,Marielle Benitez (DLSU),Gianina Yusi (DLSU),IMG_0723
2003-2004,Football,Women's,Final Standings,2,FEU,Far Eastern University,3,3,3,4,Marielle Benitez (DLSU),Gianina Yusi (DLSU),IMG_0723
2003-2004,Football,Women's,Final Standings,3,UST,University of Santo Tomas,1,5,2,Third place,Marielle Benitez (DLSU),Gianina Yusi (DLSU),IMG_0723
2003-2004,Football,Women's,Final Standings,4,UP,University of the Philippines,1,5,2,Fourth place,Marielle Benitez (DLSU),Gianina Yusi (DLSU),IMG_0723
2003-2004,Football,Women's,Final Standings,5,ADMU,Ateneo de Manila University,,3,5,Fifth place,Marielle Benitez (DLSU),Gianina Yusi (DLSU),IMG_0723
2003-2004,Judo,Men's,Final Standings,1,UST,University of Santo Tomas,4,0,10,Champion,,,uaap_2003_2004_team_standings.csv
2003-2004,Judo,Men's,Final Standings,2,DLSU,De La Salle University,3,1,6,Second Place,,,uaap_2003_2004_team_standings.csv
2003-2004,Judo,Men's,Final Standings,3,UP,University of the Philippines,2,2,8,Third Place,,,uaap_2003_2004_team_standings.csv
2003-2004,Judo,Men's,Final Standings,4,ADMU,Ateneo de Manila University,1,3,8,Fourth Place,,,uaap_2003_2004_team_standings.csv
2003-2004,Judo,Men's,Final Standings,5,UE,University of the East,0,4,6,Fifth Place,,,uaap_2003_2004_team_standings.csv
2003-2004,Judo,Women's,Final Standings,1,UST,University of Santo Tomas,4,0,,Champion,,,uaap_2003_2004_team_standings.csv
2003-2004,Judo,Women's,Final Standings,2,UP,University of the Philippines,3,1,,Second Place,,,uaap_2003_2004_team_standings.csv
2003-2004,Judo,Women's,Final Standings,3,ADMU,Ateneo de Manila University,2,2,,Third Place,,,uaap_2003_2004_team_standings.csv
2003-2004,Judo,Women's,Final Standings,4,DLSU,De La Salle University,1,3,,Fourth Place,,,uaap_2003_2004_team_standings.csv
2003-2004,Judo,Women's,Final Standings,5,UE,University of the East,0,4,,Fifth Place,,,uaap_2003_2004_team_standings.csv
2003-2004,Lawn Tennis,Men's,Final Standings,1,AdU,Adamson University,10,3,,Champion,YANNICK GUBA (DLSU),ERWIN DE GUZMAN (DLSU),"IMG_0737, IMG_0743"
2003-2004,Lawn Tennis,Men's,Final Standings,1,DLSU,De La Salle University,7,1,,Champion,YANNICK GUBA (DLSU),ERWIN DE GUZMAN (DLSU),"IMG_0737, IMG_0743"
2003-2004,Lawn Tennis,Men's,Final Standings,2,UST,University of Santo Tomas,7,1,,19,YANNICK GUBA (DLSU),ERWIN DE GUZMAN (DLSU),"IMG_0737, IMG_0743"
2003-2004,Lawn Tennis,Men's,Final Standings,4,UP,University of the Philippines,4,4,,Fourth place,YANNICK GUBA (DLSU),ERWIN DE GUZMAN (DLSU),"IMG_0737, IMG_0743"
2003-2004,Lawn Tennis,Men's,Final Standings,4,ADMU,Ateneo de Manila University,2,6,,Fourth place,YANNICK GUBA (DLSU),ERWIN DE GUZMAN (DLSU),"IMG_0737, IMG_0743"
2003-2004,Lawn Tennis,Men's,Final Standings,5,UE,University of the East,0,8,,Fifth place,YANNICK GUBA (DLSU),ERWIN DE GUZMAN (DLSU),"IMG_0737, IMG_0743"
2003-2004,Lawn Tennis,Women's,Final Standings,1,DLSU,De La Salle University,6,0,,Champion,Bernardine Aurell Sepulveda (DLSU),Mary Rose Celiste Panis (DLSU),IMG_0739
2003-2004,Lawn Tennis,Women's,Final Standings,2,UST,University of Santo Tomas,4,2,,14,Bernardine Aurell Sepulveda (DLSU),Mary Rose Celiste Panis (DLSU),IMG_0739
2003-2004,Lawn Tennis,Women's,Final Standings,3,UP,University of the Philippines,2,4,,Third place,Bernardine Aurell Sepulveda (DLSU),Mary Rose Celiste Panis (DLSU),IMG_0739
2003-2004,Lawn Tennis,Women's,Final Standings,4,ADMU,Ateneo de Manila University,0,6,,Fourth place,Bernardine Aurell Sepulveda (DLSU),Mary Rose Celiste Panis (DLSU),IMG_0739
2003-2004,Softball,Men's,Elimination Round,1,AdU,Adamson University,10,3,,,,,uaap_team_standings_local_accurate.csv
2003-2004,Softball,Men's,Elimination Round,2,UST,University of Santo Tomas,8,6,,,,,uaap_team_standings_local_accurate.csv
2003-2004,Softball,Men's,Elimination Round,3,UE,University of the East,9,3,,,,,uaap_team_standings_local_accurate.csv
2003-2004,Softball,Men's,Elimination Round,4,UP,University of the Philippines,6,5,,,,,uaap_team_standings_local_accurate.csv
2003-2004,Softball,Men's,Elimination Round,5,DLSU,De La Salle University,2,8,,,,,uaap_team_standings_local_accurate.csv
2003-2004,Softball,Men's,Elimination Round,6,ADMU,Ateneo de Manila University,0,10,,,,,uaap_team_standings_local_accurate.csv
2003-2004,Softball,Women's,Final Standings,1,AdU,Adamson University,10,3,,Champion,,,uaap_2003_2004_team_standings.csv
2003-2004,Softball,Women's,Final Standings,2,UST,University of Santo Tomas,8,6,,Second Place,,,uaap_2003_2004_team_standings.csv
2003-2004,Softball,Women's,Final Standings,3,UE,University of the East,9,3,,Third Place,,,uaap_2003_2004_team_standings.csv
2003-2004,Softball,Women's,Final Standings,4,UP,University of the Philippines,6,5,,Fourth Place,,,uaap_2003_2004_team_standings.csv
2003-2004,Softball,Women's,Final Standings,5,DLSU,De La Salle University,2,8,,Fifth Place,,,uaap_2003_2004_team_standings.csv
2003-2004,Softball,Women's,Final Standings,6,ADMU,Ateneo de Manila University,0,10,,Sixth Place,,,uaap_2003_2004_team_standings.csv
2003-2004,Table Tennis,Juniors,Final Standings,1,UE,University of the East,10,0,10,Champion,,,uaap_2003_2004_team_standings.csv
2003-2004,Table Tennis,Juniors,Final Standings,2,UP,University of the Philippines,8,2,9,Second Place,,,uaap_2003_2004_team_standings.csv
2003-2004,Table Tennis,Juniors,Final Standings,3,UST,University of Santo Tomas,6,4,8,Third Place,,,uaap_2003_2004_team_standings.csv
2003-2004,Table Tennis,Juniors,Final Standings,3,FEU,Far Eastern University,,,,10:00AM,Mark Jester D. Tariga (UE),Joseph Felix V. Marfori (UE),"IMG_0753, IMG_0754, IMG_0755, IMG_0756, IMG_0757, IMG_0758, IMG_0759, IMG_0760"
2003-2004,Table Tennis,Juniors,Final Standings,4,ADMU,Ateneo de Manila University,4,6,7,Fourth Place,,,uaap_2003_2004_team_standings.csv
2003-2004,Table Tennis,Juniors,Final Standings,5,NU,National University,2,8,6,Fifth Place,,,uaap_2003_2004_team_standings.csv
2003-2004,Table Tennis,Juniors,Final Standings,6,DLSU,De La Salle University,0,10,5,Sixth Place,,,uaap_2003_2004_team_standings.csv
2003-2004,Table Tennis,Juniors,Final Standings,6,AdU,Adamson University,,,,3:00PM,Mark Jester D. Tariga (UE),Joseph Felix V. Marfori (UE),"IMG_0753, IMG_0754, IMG_0755, IMG_0756, IMG_0757, IMG_0758, IMG_0759, IMG_0760"
2003-2004,Table Tennis,Men's,Final Standings,1,UST,University of Santo Tomas,13,1,14,Champion,,,uaap_2003_2004_team_standings.csv
2003-2004,Table Tennis,Men's,Final Standings,2,UP,University of the Philippines,13,1,14,Second Place,,,uaap_2003_2004_team_standings.csv
2003-2004,Table Tennis,Men's,Final Standings,3,UE,University of the East,10,4,12,Third Place,,,uaap_2003_2004_team_standings.csv
2003-2004,Table Tennis,Men's,Final Standings,4,DLSU,De La Salle University,7,7,11,Fourth Place,,,uaap_2003_2004_team_standings.csv
2003-2004,Table Tennis,Men's,Final Standings,5,FEU,Far Eastern University,7,7,11,Fifth Place,,,uaap_2003_2004_team_standings.csv
2003-2004,Table Tennis,Men's,Final Standings,6,AdU,Adamson University,4,10,9,Sixth Place,,,uaap_2003_2004_team_standings.csv
2003-2004,Table Tennis,Men's,Final Standings,7,ADMU,Ateneo de Manila University,2,12,8,Seventh Place,,,uaap_2003_2004_team_standings.csv
2003-2004,Table Tennis,Men's,Final Standings,8,NU,National University,0,14,7,Eight Place,,,uaap_2003_2004_team_standings.csv
2003-2004,Table Tennis,Women's,Final Standings,1,UST,University of Santo Tomas,13,1,14,Champion,,,uaap_2003_2004_team_standings.csv
2003-2004,Table Tennis,Women's,Final Standings,2,FEU,Far Eastern University,13,1,14,Second Place,,,uaap_2003_2004_team_standings.csv
2003-2004,Table Tennis,Women's,Final Standings,3,UP,University of the Philippines,8,6,11,Third Place,,,uaap_2003_2004_team_standings.csv
2003-2004,Table Tennis,Women's,Final Standings,4,AdU,Adamson University,8,6,11,Fourth Place,,,uaap_2003_2004_team_standings.csv
2003-2004,Table Tennis,Women's,Final Standings,5,DLSU,De La Salle University,6,8,10,Fifth Place,,,uaap_2003_2004_team_standings.csv
2003-2004,Table Tennis,Women's,Final Standings,6,UE,University of the East,4,10,9,Sixth Place,,,uaap_2003_2004_team_standings.csv
2003-2004,Table Tennis,Women's,Final Standings,7,ADMU,Ateneo de Manila University,4,10,9,Seventh Place,,,uaap_2003_2004_team_standings.csv
2003-2004,Table Tennis,Women's,Final Standings,8,NU,National University,0,14,7,Eight Place,,,uaap_2003_2004_team_standings.csv
2003-2004,Tae Kwon Do,Juniors,Final Standings,1,ADMU,Ateneo de Manila University,3,1,,Runner-up,DLSZ (UE),,"IMG_0764, IMG_0766, IMG_0767"
2003-2004,Tae Kwon Do,Juniors,Final Standings,1,UST,University of Santo Tomas,3,1,,Champion,DLSZ (UE),,"IMG_0764, IMG_0766, IMG_0767"
2003-2004,Tae Kwon Do,Juniors,Final Standings,3,UE,University of the East,3,1,,Third place,DLSZ (UE),,"IMG_0764, IMG_0766, IMG_0767"
2003-2004,Tae Kwon Do,Juniors,Final Standings,4,DLSZ,De La Salle Santiago Zobel School,0,4,,Fourth place,DLSZ (UE),,"IMG_0764, IMG_0766, IMG_0767"
2003-2004,Tae Kwon Do,Juniors,Final Standings,5,UP,University of the Philippines,1,3,,Fifth place,DLSZ (UE),,"IMG_0764, IMG_0766, IMG_0767"
2003-2004,Tae Kwon Do,Juniors,Final Standings,5,UPIS,UP Integrated School,,,,5,DLSZ (UE),,"IMG_0764, IMG_0766, IMG_0767"
2003-2004,Tae Kwon Do,Men's,Final Standings,1,UST,University of Santo Tomas,5,0,,Champion,DLSU (FEU),,"IMG_0762, IMG_0765, IMG_0769, IMG_0770"
2003-2004,Tae Kwon Do,Men's,Final Standings,2,DLSU,De La Salle University,3,2,,Runner-up,DLSU (FEU),,"IMG_0762, IMG_0765, IMG_0769, IMG_0770"
2003-2004,Tae Kwon Do,Men's,Final Standings,3,ADMU,Ateneo de Manila University,1,4,,Third place,DLSU (FEU),,"IMG_0762, IMG_0765, IMG_0769, IMG_0770"
2003-2004,Tae Kwon Do,Men's,Final Standings,4,UE,University of the East,3,2,,Fourth place,DLSU (FEU),,"IMG_0762, IMG_0765, IMG_0769, IMG_0770"
2003-2004,Tae Kwon Do,Men's,Final Standings,5,UP,University of the Philippines,2,3,,Fifth place,DLSU (FEU),,"IMG_0762, IMG_0765, IMG_0769, IMG_0770"
2003-2004,Tae Kwon Do,Men's,Final Standings,6,FEU,Far Eastern University,1,4,,Sixth place,DLSU (FEU),,"IMG_0762, IMG_0765, IMG_0769, IMG_0770"
2003-2004,Tae Kwon Do,Women's,Final Standings,1,UP,University of the Philippines,4,1,,Champion,DLSU (FEU),,"IMG_0763, IMG_0765, IMG_0767, IMG_0771, IMG_0772, IMG_0773"
2003-2004,Tae Kwon Do,Women's,Final Standings,3,UST,University of Santo Tomas,5,0,,Third place,DLSU (FEU),,"IMG_0763, IMG_0765, IMG_0767, IMG_0771, IMG_0772, IMG_0773"
2003-2004,Tae Kwon Do,Women's,Final Standings,4,FEU,Far Eastern University,2,3,,Fourth place,DLSU (FEU),,"IMG_0763, IMG_0765, IMG_0767, IMG_0771, IMG_0772, IMG_0773"
2003-2004,Tae Kwon Do,Women's,Final Standings,4,ADMU,Ateneo de Manila University,1,4,,Fourth place,DLSU (FEU),,"IMG_0763, IMG_0765, IMG_0767, IMG_0771, IMG_0772, IMG_0773"
2003-2004,Tae Kwon Do,Women's,Final Standings,5,DLSU,De La Salle University,0,5,,Fifth place,DLSU (FEU),,"IMG_0763, IMG_0765, IMG_0767, IMG_0771, IMG_0772, IMG_0773"
2003-2004,Tae Kwon Do,Women's,Final Standings,6,UE,University of the East,3,2,,Sixth place,DLSU (FEU),,"IMG_0763, IMG_0765, IMG_0767, IMG_0771, IMG_0772, IMG_0773"
2003-2004,Volleyball,Boys,Final Standings,1,DLSZ,De La Salle Santiago Zobel School,8,0,,Champion,MARK PAUL TRINIDAD (DLS (Z)),ELMER DELA CRUZ (UE),IMG_0785
2003-2004,Volleyball,Boys,Final Standings,2,UE,University of the East,5,3,,3.0,MARK PAUL TRINIDAD (DLS (Z)),ELMER DELA CRUZ (UE),IMG_0785
2003-2004,Volleyball,Boys,Final Standings,3,UST,University of Santo Tomas,5,3,,Third place,MARK PAUL TRINIDAD (DLS (Z)),ELMER DELA CRUZ (UE),IMG_0785
2003-2004,Volleyball,Boys,Final Standings,4,ADMU,Ateneo de Manila University,2,6,,Fourth place,MARK PAUL TRINIDAD (DLS (Z)),ELMER DELA CRUZ (UE),IMG_0785
2003-2004,Volleyball,Boys,Final Standings,5,UP,University of the Philippines,0,8,,Fifth place,MARK PAUL TRINIDAD (DLS (Z)),ELMER DELA CRUZ (UE),IMG_0785
2003-2004,Volleyball,Girls,Final Standings,1,UST,University of Santo Tomas,6,0,,Champion,FATIMA REBUYAS (UST),GIZA YUMANG (UE),IMG_0787
2003-2004,Volleyball,Girls,Final Standings,2,UE,University of the East,4,2,,Runner-up,FATIMA REBUYAS (UST),GIZA YUMANG (UE),IMG_0787
2003-2004,Volleyball,Girls,Final Standings,3,DLSZ,De La Salle Santiago Zobel School,2,4,,Third place,FATIMA REBUYAS (UST),GIZA YUMANG (UE),IMG_0787
2003-2004,Volleyball,Girls,Final Standings,4,UP,University of the Philippines,0,6,,Fourth place,FATIMA REBUYAS (UST),GIZA YUMANG (UE),IMG_0787
2003-2004,Volleyball,Juniors,Final Standings,1,DLSU,De La Salle University,8,0,,,,,structured/volleyball/2003-2004.json
2003-2004,Volleyball,Juniors,Final Standings,2,UE,University of the East,5,3,,,,,structured/volleyball/2003-2004.json
2003-2004,Volleyball,Juniors,Final Standings,3,UST,University of Santo Tomas,5,3,,,,,structured/volleyball/2003-2004.json
2003-2004,Volleyball,Juniors,Final Standings,4,ADMU,Ateneo de Manila University,2,6,,,,,structured/volleyball/2003-2004.json
2003-2004,Volleyball,Juniors,Final Standings,5,UP,University of the Philippines,0,8,,,,,structured/volleyball/2003-2004.json
2003-2004,Volleyball,Men's,Final Standings,1,DLSU,De La Salle University,13,1,,Champion,Janley P. Patrona (DLSU),Edjet C. Mabbayad (DLSU),IMG_0775
2003-2004,Volleyball,Men's,Final Standings,2,UP,University of the Philippines,11,3,,BEST SPIKER,Janley P. Patrona (DLSU),Edjet C. Mabbayad (DLSU),IMG_0775
2003-2004,Volleyball,Men's,Final Standings,3,FEU,Far Eastern University,11,3,,Third place,Janley P. Patrona (DLSU),Edjet C. Mabbayad (DLSU),IMG_0775
2003-2004,Volleyball,Men's,Final Standings,4,AdU,Adamson University,7,7,,Fourth place,Janley P. Patrona (DLSU),Edjet C. Mabbayad (DLSU),IMG_0775
2003-2004,Volleyball,Men's,Final Standings,5,UST,University of Santo Tomas,7,7,,Fifth place,Janley P. Patrona (DLSU),Edjet C. Mabbayad (DLSU),IMG_0775
2003-2004,Volleyball,Men's,Final Standings,6,UE,University of the East,4,10,,Sixth place,Janley P. Patrona (DLSU),Edjet C. Mabbayad (DLSU),IMG_0775
2003-2004,Volleyball,Men's,Final Standings,7,NU,National University,3,11,,Seventh place,Janley P. Patrona (DLSU),Edjet C. Mabbayad (DLSU),IMG_0775
2003-2004,Volleyball,Men's,Final Standings,8,ADMU,Ateneo de Manila University,0,14,,Eighth place,Janley P. Patrona (DLSU),Edjet C. Mabbayad (DLSU),IMG_0775
2003-2004,Volleyball,Women's,Final Standings,1,FEU,Far Eastern University,13,1,,BEST SPIKER,Desiree C. Hernandez (DLSU),Ma. Rosario B. Soriano (ADMU),IMG_0779
2003-2004,Volleyball,Women's,Final Standings,2,UST,University of Santo Tomas,12,2,,,Desiree C. Hernandez (DLSU),Ma. Rosario B. Soriano (ADMU),IMG_0779
2003-2004,Volleyball,Women's,Final Standings,3,DLSU,De La Salle University,11,3,,MOST VALUABLE PLAYER,Desiree C. Hernandez (DLSU),Ma. Rosario B. Soriano (ADMU),IMG_0779
2003-2004,Volleyball,Women's,Final Standings,4,UE,University of the East,8,6,,,Desiree C. Hernandez (DLSU),Ma. Rosario B. Soriano (ADMU),IMG_0779
2003-2004,Volleyball,Women's,Final Standings,5,UP,University of the Philippines,5,9,,,Desiree C. Hernandez (DLSU),Ma. Rosario B. Soriano (ADMU),IMG_0779
2003-2004,Volleyball,Women's,Final Standings,6,ADMU,Ateneo de Manila University,4,10,,ROOKIE OF THE YEAR,Desiree C. Hernandez (DLSU),Ma. Rosario B. Soriano (ADMU),IMG_0779
2003-2004,Volleyball,Women's,Final Standings,7,AdU,Adamson University,3,11,,BEST RECEIVER,Desiree C. Hernandez (DLSU),Ma. Rosario B. Soriano (ADMU),IMG_0779
2003-2004,Volleyball,Women's,Final Standings,8,NU,National University,0,14,,,Desiree C. Hernandez (DLSU),Ma. Rosario B. Soriano (ADMU),IMG_0779
2000-2001,Badminton,Men's,Final Standings,3,ADMU,Ateneo de Manila University,,,,,,,"IMG_1094, IMG_1095"
2000-2001,Badminton,Men's,Final Standings,3,DLSU,De La Salle University,,,,8:00,,,"IMG_1094, IMG_1095"
2000-2001,Badminton,Men's,Final Standings,3,FEU,Far Eastern University,,,,,,,"IMG_1094, IMG_1095"
2000-2001,Badminton,Men's,Final Standings,3,NU,National University,,,,10:00,,,"IMG_1094, IMG_1095"
2000-2001,Badminton,Men's,Final Standings,3,UST,University of Santo Tomas,,,,,,,"IMG_1094, IMG_1095"
2000-2001,Badminton,Men's,Final Standings,4,UE,University of the East,,,,,,,"IMG_1094, IMG_1095"
2000-2001,Baseball,Men's,Final Standings,1,UP,University of the Philippines,7,2,,1,Darwin dela Calzada (UP),Gil Encarnado (UST),"IMG_1118, IMG_1119"
2000-2001,Baseball,Men's,Final Standings,2,AdU,Adamson University,6,3,,1,Darwin dela Calzada (UP),Gil Encarnado (UST),"IMG_1118, IMG_1119"
2000-2001,Baseball,Men's,Final Standings,3,UST,University of Santo Tomas,5,4,,1,Darwin dela Calzada (UP),Gil Encarnado (UST),"IMG_1118, IMG_1119"
2000-2001,Baseball,Men's,Final Standings,4,DLSU,De La Salle University,5,4,,1,Darwin dela Calzada (UP),Gil Encarnado (UST),"IMG_1118, IMG_1119"
2000-2001,Baseball,Men's,Final Standings,5,NU,National University,2,7,,1,Darwin dela Calzada (UP),Gil Encarnado (UST),"IMG_1118, IMG_1119"
2000-2001,Baseball,Men's,Final Standings,6,ADMU,Ateneo de Manila University,1,9,,0,Darwin dela Calzada (UP),Gil Encarnado (UST),"IMG_1118, IMG_1119"
2000-2001,Basketball,Juniors,Final Standings,1,ADMU,Ateneo de Manila University,,,,Champion,JOSE (JUN) CORTEZ (ADMU),ALDOVER (ADMU),IMG_1130
2000-2001,Basketball,Juniors,Final Standings,3,DLSU,De La Salle University,,,,Third place,JOSE (JUN) CORTEZ (ADMU),ALDOVER (ADMU),IMG_1130
2000-2001,Basketball,Juniors,Final Standings,4,AdU,Adamson University,,,,Fourth place,JOSE (JUN) CORTEZ (ADMU),ALDOVER (ADMU),IMG_1130
2000-2001,Basketball,Juniors,Final Standings,4,UST,University of Santo Tomas,,,,CORTEZ,JOSE (JUN) CORTEZ (ADMU),ALDOVER (ADMU),IMG_1130
2000-2001,Basketball,Juniors,Final Standings,5,UE,University of the East,,,,Fifth place,JOSE (JUN) CORTEZ (ADMU),ALDOVER (ADMU),IMG_1130
2000-2001,Basketball,Juniors,Final Standings,6,UP,University of the Philippines,,,,Sixth place,JOSE (JUN) CORTEZ (ADMU),ALDOVER (ADMU),IMG_1130
2000-2001,Basketball,Juniors,Final Standings,7,NU,National University,,,,Seventh place,JOSE (JUN) CORTEZ (ADMU),ALDOVER (ADMU),IMG_1130
2000-2001,Basketball,Men's,Final Standings,1,DLSU,De La Salle University,,,,Champion,RICHARD ALVAREZ (ADMU),MIKE CORTEZ (DLSU),"IMG_1122, IMG_1123, IMG_1265, IMG_1268, IMG_1281, IMG_1282"
2000-2001,Basketball,Men's,Final Standings,2,FEU,Far Eastern University,,,,Runner-up,RICHARD ALVAREZ (ADMU),MIKE CORTEZ (DLSU),"IMG_1122, IMG_1123, IMG_1265, IMG_1268, IMG_1281, IMG_1282"
2000-2001,Basketball,Men's,Final Standings,3,ADMU,Ateneo de Manila University,,,,Third place,RICHARD ALVAREZ (ADMU),MIKE CORTEZ (DLSU),"IMG_1122, IMG_1123, IMG_1265, IMG_1268, IMG_1281, IMG_1282"
2000-2001,Basketball,Men's,Final Standings,4,UST,University of Santo Tomas,24,11,,Fourth place,RICHARD ALVAREZ (ADMU),MIKE CORTEZ (DLSU),"IMG_1122, IMG_1123, IMG_1265, IMG_1268, IMG_1281, IMG_1282"
2000-2001,Basketball,Men's,Final Standings,5,UE,University of the East,40,12,,Fifth place,RICHARD ALVAREZ (ADMU),MIKE CORTEZ (DLSU),"IMG_1122, IMG_1123, IMG_1265, IMG_1268, IMG_1281, IMG_1282"
2000-2001,Basketball,Men's,Final Standings,6,UP,University of the Philippines,10,10,,Sixth place,RICHARD ALVAREZ (ADMU),MIKE CORTEZ (DLSU),"IMG_1122, IMG_1123, IMG_1265, IMG_1268, IMG_1281, IMG_1282"
2000-2001,Basketball,Men's,Final Standings,7,NU,National University,,,,Seventh place,RICHARD ALVAREZ (ADMU),MIKE CORTEZ (DLSU),"IMG_1122, IMG_1123, IMG_1265, IMG_1268, IMG_1281, IMG_1282"
2000-2001,Basketball,Men's,Final Standings,8,AdU,Adamson University,14,12,,Eighth place,RICHARD ALVAREZ (ADMU),MIKE CORTEZ (DLSU),"IMG_1122, IMG_1123, IMG_1265, IMG_1268, IMG_1281, IMG_1282"
2000-2001,Basketball,Women's,Final Standings,1,AdU,Adamson University,11,1,,756,NARCIZA (AdU),ERICA DY (ADMU),"IMG_1127, IMG_1277"
2000-2001,Basketball,Women's,Final Standings,2,FEU,Far Eastern University,9,3,,648,NARCIZA (AdU),ERICA DY (ADMU),"IMG_1127, IMG_1277"
2000-2001,Basketball,Women's,Final Standings,3,DLSU,De La Salle University,8,4,,779,NARCIZA (AdU),ERICA DY (ADMU),"IMG_1127, IMG_1277"
2000-2001,Basketball,Women's,Final Standings,4,UST,University of Santo Tomas,7,5,,597,NARCIZA (AdU),ERICA DY (ADMU),"IMG_1127, IMG_1277"
2000-2001,Basketball,Women's,Final Standings,5,UP,University of the Philippines,4,8,,623,NARCIZA (AdU),ERICA DY (ADMU),"IMG_1127, IMG_1277"
2000-2001,Basketball,Women's,Final Standings,6,UE,University of the East,3,9,,541,NARCIZA (AdU),ERICA DY (ADMU),"IMG_1127, IMG_1277"
2000-2001,Basketball,Women's,Final Standings,7,ADMU,Ateneo de Manila University,0,12,,538,NARCIZA (AdU),ERICA DY (ADMU),"IMG_1127, IMG_1277"
2000-2001,Chess,Juniors,Final Standings,1,ADMU,Ateneo de Manila University,,,32.5,"Templo, Pedro Bernard",Emmanuel Franz Plan (ADMU),Ana Paula Castillo (AdU),IMG_1141
2000-2001,Chess,Juniors,Final Standings,2,UE,University of the East,,,22.5,,Emmanuel Franz Plan (ADMU),Ana Paula Castillo (AdU),IMG_1141
2000-2001,Chess,Juniors,Final Standings,3,UST,University of Santo Tomas,,,19,"Mora, Benedict",Emmanuel Franz Plan (ADMU),Ana Paula Castillo (AdU),IMG_1141
2000-2001,Chess,Juniors,Final Standings,4,DLSZ,De La Salle Santiago Zobel School,,,15.5,7.0,Emmanuel Franz Plan (ADMU),Ana Paula Castillo (AdU),IMG_1141
2000-2001,Chess,Juniors,Final Standings,5,AdU,Adamson University,,,15.5,6.0,Emmanuel Franz Plan (ADMU),Ana Paula Castillo (AdU),IMG_1141
2000-2001,Chess,Juniors,Final Standings,6,NU,National University,,,15,"Magat, Jed Angelo",Emmanuel Franz Plan (ADMU),Ana Paula Castillo (AdU),IMG_1141
2000-2001,Chess,Men's,Final Standings,1,DLSU,De La Salle University,,,39.5,Champion,Oliver Dimailig (DLSU),Vergel Yabut (UST),"IMG_1134, IMG_1135"
2000-2001,Chess,Men's,Final Standings,2,UP,University of the Philippines,,,38,"Pascua, Cyrus Ian",Oliver Dimailig (DLSU),Vergel Yabut (UST),"IMG_1134, IMG_1135"
2000-2001,Chess,Men's,Final Standings,3,UST,University of Santo Tomas,,,31.5,Third place,Oliver Dimailig (DLSU),Vergel Yabut (UST),"IMG_1134, IMG_1135"
2000-2001,Chess,Men's,Final Standings,4,FEU,Far Eastern University,,,31.5,Fourth place,Oliver Dimailig (DLSU),Vergel Yabut (UST),"IMG_1134, IMG_1135"
2000-2001,Chess,Men's,Final Standings,5,UE,University of the East,,,28.5,Fifth place,Oliver Dimailig (DLSU),Vergel Yabut (UST),"IMG_1134, IMG_1135"
2000-2001,Chess,Men's,Final Standings,6,AdU,Adamson University,,,25,Sixth place,Oliver Dimailig (DLSU),Vergel Yabut (UST),"IMG_1134, IMG_1135"
2000-2001,Chess,Men's,Final Standings,7,ADMU,Ateneo de Manila University,,,23.5,Seventh place,Oliver Dimailig (DLSU),Vergel Yabut (UST),"IMG_1134, IMG_1135"
2000-2001,Chess,Men's,Final Standings,8,NU,National University,,,19.5,,Oliver Dimailig (DLSU),Vergel Yabut (UST),"IMG_1134, IMG_1135"
2000-2001,Chess,Women's,Final Standings,1,UE,University of the East,10,11,35,Champion,Mary Grace Castro (UE),Roselyn Santos (AdU),IMG_1138
2000-2001,Chess,Women's,Final Standings,3,AdU,Adamson University,8,10,28,Third place,Mary Grace Castro (UE),Roselyn Santos (AdU),IMG_1138
2000-2001,Chess,Women's,Final Standings,4,UST,University of Santo Tomas,10,12,27.5,Fourth place,Mary Grace Castro (UE),Roselyn Santos (AdU),IMG_1138
2000-2001,Chess,Women's,Final Standings,4,FEU,Far Eastern University,9,12,30.5,"Andres, Sheryll",Mary Grace Castro (UE),Roselyn Santos (AdU),IMG_1138
2000-2001,Chess,Women's,Final Standings,5,UP,University of the Philippines,,,20.5,Fifth place,Mary Grace Castro (UE),Roselyn Santos (AdU),IMG_1138
2000-2001,Chess,Women's,Final Standings,6,DLSU,De La Salle University,,,13.5,Sixth place,Mary Grace Castro (UE),Roselyn Santos (AdU),IMG_1138
2000-2001,Chess,Women's,Final Standings,7,ADMU,Ateneo de Manila University,8,12,13,Seventh place,Mary Grace Castro (UE),Roselyn Santos (AdU),IMG_1138
2000-2001,Fencing,Men's,Final Standings,2,ADMU,Ateneo de Manila University,0,,,"LACHICA, EDWIN","CANLAS, Rolando (UE)",,"IMG_1145, IMG_1147, IMG_1165"
2000-2001,Fencing,Men's,Final Standings,3,DLSU,De La Salle University,4,,,"TORRES, JULIO NICHOLAS","CANLAS, Rolando (UE)",,"IMG_1145, IMG_1147, IMG_1165"
2000-2001,Fencing,Men's,Final Standings,4,FEU,Far Eastern University,1,,,"RANESES, RANDY","CANLAS, Rolando (UE)",,"IMG_1145, IMG_1147, IMG_1165"
2000-2001,Fencing,Men's,Final Standings,5,UE,University of the East,2,,,"ALBA, MARK EXEQUIEL","CANLAS, Rolando (UE)",,"IMG_1145, IMG_1147, IMG_1165"
2000-2001,Fencing,Men's,Final Standings,6,UP,University of the Philippines,0,,,"CABILLAN, DEO","CANLAS, Rolando (UE)",,"IMG_1145, IMG_1147, IMG_1165"
2000-2001,Fencing,Men's,Final Standings,7,UST,University of Santo Tomas,0,,,"DE LAZA, PAOLO","CANLAS, Rolando (UE)",,"IMG_1145, IMG_1147, IMG_1165"
2000-2001,Fencing,Women's,Final Standings,2,ADMU,Ateneo de Manila University,1,,,"REYES, MA. REGINA","ANGELES, Melly Joyce (UP)",,"IMG_1145, IMG_1156, IMG_1174"
2000-2001,Fencing,Women's,Final Standings,3,DLSU,De La Salle University,1,-17,,"PALOMO, SHERRYL","ANGELES, Melly Joyce (UP)",,"IMG_1145, IMG_1156, IMG_1174"
2000-2001,Fencing,Women's,Final Standings,4,FEU,Far Eastern University,1,,,"ACEVEDA, DOREEN FAY","ANGELES, Melly Joyce (UP)",,"IMG_1145, IMG_1156, IMG_1174"
2000-2001,Fencing,Women's,Final Standings,5,UE,University of the East,2,,,"RONQUILLO, GERALDINE","ANGELES, Melly Joyce (UP)",,"IMG_1145, IMG_1156, IMG_1174"
2000-2001,Fencing,Women's,Final Standings,6,UP,University of the Philippines,4,,,"GAMALLO, MA. MARGARITA","ANGELES, Melly Joyce (UP)",,"IMG_1145, IMG_1156, IMG_1174"
2000-2001,Fencing,Women's,Final Standings,7,UST,University of Santo Tomas,4,,,"RAMOS, RETCHIE","ANGELES, Melly Joyce (UP)",,"IMG_1145, IMG_1156, IMG_1174"
2000-2001,Football,Men's,Final Standings,1,UST,University of Santo Tomas,,,,Champion,Jerome Leung (UP),Avon John del Rosario (DLSU),"IMG_1182, IMG_1183"
2000-2001,Football,Men's,Final Standings,2,DLSU,De La Salle University,,,,Runner-up,Jerome Leung (UP),Avon John del Rosario (DLSU),"IMG_1182, IMG_1183"
2000-2001,Football,Men's,Final Standings,3,UP,University of the Philippines,,,,Third place,Jerome Leung (UP),Avon John del Rosario (DLSU),"IMG_1182, IMG_1183"
2000-2001,Football,Men's,Final Standings,4,ADMU,Ateneo de Manila University,,,,Fourth place,Jerome Leung (UP),Avon John del Rosario (DLSU),"IMG_1182, IMG_1183"
2000-2001,Football,Men's,Final Standings,5,UE,University of the East,,,,Fifth place,Jerome Leung (UP),Avon John del Rosario (DLSU),"IMG_1182, IMG_1183"
2000-2001,Football,Men's,Final Standings,6,FEU,Far Eastern University,,,,Sixth place,Jerome Leung (UP),Avon John del Rosario (DLSU),"IMG_1182, IMG_1183"
2000-2001,Judo,Men's,Final Standings,1,UST,University of Santo Tomas,,,,Champion,Host (UP),Marvin G. Dino (UST),"IMG_1189, IMG_1190"
2000-2001,Judo,Men's,Final Standings,2,ADMU,Ateneo de Manila University,,,,Runner-up,Host (UP),Marvin G. Dino (UST),"IMG_1189, IMG_1190"
2000-2001,Judo,Men's,Final Standings,3,UP,University of the Philippines,,,,Third place,Host (UP),Marvin G. Dino (UST),"IMG_1189, IMG_1190"
2000-2001,Judo,Men's,Final Standings,4,DLSU,De La Salle University,,,,Fourth place,Host (UP),Marvin G. Dino (UST),"IMG_1189, IMG_1190"
2000-2001,Judo,Men's,Final Standings,5,UE,University of the East,,,,Fifth place,Host (UP),Marvin G. Dino (UST),"IMG_1189, IMG_1190"
2000-2001,Judo,Women's,Final Standings,1,UP,University of the Philippines,,,,Champion,Ma. Cecilia G. Paras (UP),Michelle M. De Vera (UST),IMG_1194
2000-2001,Judo,Women's,Final Standings,2,UST,University of Santo Tomas,,,,Runner-up,Ma. Cecilia G. Paras (UP),Michelle M. De Vera (UST),IMG_1194
2000-2001,Judo,Women's,Final Standings,3,ADMU,Ateneo de Manila University,,,,Third place,Ma. Cecilia G. Paras (UP),Michelle M. De Vera (UST),IMG_1194
2000-2001,Judo,Women's,Final Standings,4,UE,University of the East,,,,Fourth place,Ma. Cecilia G. Paras (UP),Michelle M. De Vera (UST),IMG_1194
2000-2001,Lawn Tennis,Men's,Final Standings,1,UST,University of Santo Tomas,9,1,,Runner-up,Neil Steven O. Co (ADMU),Ian Edward de Guzman (UP),"IMG_1197, IMG_1198"
2000-2001,Lawn Tennis,Men's,Final Standings,1,ADMU,Ateneo de Manila University,8,1,,Champion,Neil Steven O. Co (ADMU),Ian Edward de Guzman (UP),"IMG_1197, IMG_1198"
2000-2001,Lawn Tennis,Men's,Final Standings,3,UP,University of the Philippines,5,2,,Third place,Neil Steven O. Co (ADMU),Ian Edward de Guzman (UP),"IMG_1197, IMG_1198"
2000-2001,Lawn Tennis,Men's,Final Standings,4,AdU,Adamson University,3,7,,Fourth place,Neil Steven O. Co (ADMU),Ian Edward de Guzman (UP),"IMG_1197, IMG_1198"
2000-2001,Lawn Tennis,Men's,Final Standings,5,DLSU,De La Salle University,3,7,,Fifth place,Neil Steven O. Co (ADMU),Ian Edward de Guzman (UP),"IMG_1197, IMG_1198"
2000-2001,Lawn Tennis,Men's,Final Standings,6,UE,University of the East,2,8,,Sixth place,Neil Steven O. Co (ADMU),Ian Edward de Guzman (UP),"IMG_1197, IMG_1198"
2000-2001,Softball,Men's,Final Standings,1,AdU,Adamson University,7,2,,Champion,Erlinda Pascual (UE),Ma. Theresa Lagman (UST),"IMG_1204, IMG_1205"
2000-2001,Softball,Men's,Final Standings,2,UST,University of Santo Tomas,6,1,,3,Erlinda Pascual (UE),Ma. Theresa Lagman (UST),"IMG_1204, IMG_1205"
2000-2001,Softball,Men's,Final Standings,3,UP,University of the Philippines,6,3,,Third place,Erlinda Pascual (UE),Ma. Theresa Lagman (UST),"IMG_1204, IMG_1205"
2000-2001,Softball,Men's,Final Standings,4,UE,University of the East,6,3,,1,Erlinda Pascual (UE),Ma. Theresa Lagman (UST),"IMG_1204, IMG_1205"
2000-2001,Softball,Men's,Final Standings,5,DLSU,De La Salle University,2,8,,-,Erlinda Pascual (UE),Ma. Theresa Lagman (UST),"IMG_1204, IMG_1205"
2000-2001,Softball,Men's,Final Standings,5,ADMU,Ateneo de Manila University,0,10,,Fifth place,Erlinda Pascual (UE),Ma. Theresa Lagman (UST),"IMG_1204, IMG_1205"
2000-2001,Table Tennis,Men's,Final Standings,1,DLSU,De La Salle University,13,20,,7,PHILIP JOHN SILOS (DLSU),,"IMG_1208, IMG_1210"
2000-2001,Table Tennis,Men's,Final Standings,2,UST,University of Santo Tomas,12,18,,11,PHILIP JOHN SILOS (DLSU),,"IMG_1208, IMG_1210"
2000-2001,Table Tennis,Men's,Final Standings,3,UE,University of the East,11,17,,13,PHILIP JOHN SILOS (DLSU),,"IMG_1208, IMG_1210"
2000-2001,Table Tennis,Men's,Final Standings,4,UP,University of the Philippines,12,16,,15,PHILIP JOHN SILOS (DLSU),,"IMG_1208, IMG_1210"
2000-2001,Table Tennis,Men's,Final Standings,5,AdU,Adamson University,12,12,,19,PHILIP JOHN SILOS (DLSU),,"IMG_1208, IMG_1210"
2000-2001,Table Tennis,Men's,Final Standings,6,FEU,Far Eastern University,9,9,,16,PHILIP JOHN SILOS (DLSU),,"IMG_1208, IMG_1210"
2000-2001,Table Tennis,Men's,Final Standings,7,ADMU,Ateneo de Manila University,8,8,,18,PHILIP JOHN SILOS (DLSU),,"IMG_1208, IMG_1210"
2000-2001,Table Tennis,Men's,Final Standings,8,NU,National University,7,0,,18,PHILIP JOHN SILOS (DLSU),,"IMG_1208, IMG_1210"
2000-2001,Table Tennis,Women's,Final Standings,1,UP,University of the Philippines,14,21,,3,Karen Jaleco (UP),,"IMG_1211, IMG_1212"
2000-2001,Table Tennis,Women's,Final Standings,2,UST,University of Santo Tomas,13,19,,6,Karen Jaleco (UP),,"IMG_1211, IMG_1212"
2000-2001,Table Tennis,Women's,Final Standings,3,UE,University of the East,12,17,,8,Karen Jaleco (UP),,"IMG_1211, IMG_1212"
2000-2001,Table Tennis,Women's,Final Standings,4,AdU,Adamson University,11,16,,10,Karen Jaleco (UP),,"IMG_1211, IMG_1212"
2000-2001,Table Tennis,Women's,Final Standings,5,FEU,Far Eastern University,10,10,,13,Karen Jaleco (UP),,"IMG_1211, IMG_1212"
2000-2001,Table Tennis,Women's,Final Standings,6,DLSU,De La Salle University,9,9,,15,Karen Jaleco (UP),,"IMG_1211, IMG_1212"
2000-2001,Table Tennis,Women's,Final Standings,7,ADMU,Ateneo de Manila University,8,3,,18,Karen Jaleco (UP),,"IMG_1211, IMG_1212"
2000-2001,Table Tennis,Women's,Final Standings,8,NU,National University,7,0,,21,Karen Jaleco (UP),,"IMG_1211, IMG_1212"
2000-2001,Tae Kwon Do,Juniors,Final Standings,1,ADMU,Ateneo de Manila University,,,,Champion,Gregory Paul Yan (ADMU),,IMG_1215
2000-2001,Tae Kwon Do,Juniors,Final Standings,2,UP,University of the Philippines,,,,Runner-up,Gregory Paul Yan (ADMU),,IMG_1215
2000-2001,Tae Kwon Do,Juniors,Final Standings,3,UST,University of Santo Tomas,,,,Third place,Gregory Paul Yan (ADMU),,IMG_1215
2000-2001,Tae Kwon Do,Juniors,Final Standings,4,DLSZ,De La Salle Santiago Zobel School,,,,Fourth place,Gregory Paul Yan (ADMU),,IMG_1215
2000-2001,Tae Kwon Do,Juniors,Final Standings,5,UE,University of the East,,,,Fifth place,Gregory Paul Yan (ADMU),,IMG_1215
2000-2001,Tae Kwon Do,Men's,Final Standings,1,DLSU,De La Salle University,,,,Champion,Jason Jalbuena (DLSU),,"IMG_1214, IMG_1215, IMG_1216"
2000-2001,Tae Kwon Do,Men's,Final Standings,3,UP,University of the Philippines,,,,Third place,Jason Jalbuena (DLSU),,"IMG_1214, IMG_1215, IMG_1216"
2000-2001,Tae Kwon Do,Men's,Final Standings,3,UST,University of Santo Tomas,,,,Third place,Jason Jalbuena (DLSU),,"IMG_1214, IMG_1215, IMG_1216"
2000-2001,Tae Kwon Do,Men's,Final Standings,4,UE,University of the East,,,,Fourth place,Jason Jalbuena (DLSU),,"IMG_1214, IMG_1215, IMG_1216"
2000-2001,Tae Kwon Do,Men's,Final Standings,5,FEU,Far Eastern University,,,,Fifth place,Jason Jalbuena (DLSU),,"IMG_1214, IMG_1215, IMG_1216"
2000-2001,Tae Kwon Do,Men's,Final Standings,6,ADMU,Ateneo de Manila University,,,,Sixth place,Jason Jalbuena (DLSU),,"IMG_1214, IMG_1215, IMG_1216"
2000-2001,Tae Kwon Do,Women's,Final Standings,1,UST,University of Santo Tomas,,,,Champion,Daleen Cordero (UST),,"IMG_1214, IMG_1215"
2000-2001,Tae Kwon Do,Women's,Final Standings,2,UP,University of the Philippines,,,,Runner-up,Daleen Cordero (UST),,"IMG_1214, IMG_1215"
2000-2001,Tae Kwon Do,Women's,Final Standings,3,FEU,Far Eastern University,,,,Third place,Daleen Cordero (UST),,"IMG_1214, IMG_1215"
2000-2001,Tae Kwon Do,Women's,Final Standings,4,ADMU,Ateneo de Manila University,,,,Fourth place,Daleen Cordero (UST),,"IMG_1214, IMG_1215"
2000-2001,Tae Kwon Do,Women's,Final Standings,5,UE,University of the East,,,,Fifth place,Daleen Cordero (UST),,"IMG_1214, IMG_1215"
2000-2001,Tae Kwon Do,Women's,Final Standings,6,DLSU,De La Salle University,,,,Sixth place,Daleen Cordero (UST),,"IMG_1214, IMG_1215"
2000-2001,Volleyball,Boys,Final Standings,1,UE,University of the East,10,0,,Champion,Jerico Magno (UE),,"IMG_1235, IMG_1236"
2000-2001,Volleyball,Boys,Final Standings,2,ADMU,Ateneo de Manila University,7,3,,RUNNER-UP,Jerico Magno (UE),,"IMG_1235, IMG_1236"
2000-2001,Volleyball,Boys,Final Standings,3,UST,University of Santo Tomas,6,4,,Third place,Jerico Magno (UE),,"IMG_1235, IMG_1236"
2000-2001,Volleyball,Boys,Final Standings,3,DLSZ,De La Salle Santiago Zobel School,3,7,,Third place,Jerico Magno (UE),,"IMG_1235, IMG_1236"
2000-2001,Volleyball,Boys,Final Standings,4,UP,University of the Philippines,3,7,,Fourth place,Jerico Magno (UE),,"IMG_1235, IMG_1236"
2000-2001,Volleyball,Boys,Final Standings,5,NU,National University,1,9,,Fifth place,Jerico Magno (UE),,"IMG_1235, IMG_1236"
2000-2001,Volleyball,Girls,Final Standings,1,UE,University of the East,4,0,,Champion,Cherrie Mae Verzosa (UE),,IMG_1239
2000-2001,Volleyball,Girls,Final Standings,2,UST,University of Santo Tomas,2,2,,RUNNER-UP,Cherrie Mae Verzosa (UE),,IMG_1239
2000-2001,Volleyball,Girls,Final Standings,3,UP,University of the Philippines,0,4,,Third place,Cherrie Mae Verzosa (UE),,IMG_1239
2000-2001,Volleyball,Juniors,Final Standings,1,UE,University of the East,10,0,,,,,structured/volleyball/2000-2001.json
2000-2001,Volleyball,Juniors,Final Standings,2,ADMU,Ateneo de Manila University,7,3,,,,,structured/volleyball/2000-2001.json
2000-2001,Volleyball,Juniors,Final Standings,3,UST,University of Santo Tomas,6,4,,,,,structured/volleyball/2000-2001.json
2000-2001,Volleyball,Juniors,Final Standings,4,DLSU,De La Salle University,3,7,,,,,structured/volleyball/2000-2001.json
2000-2001,Volleyball,Juniors,Final Standings,5,UP,University of the Philippines,3,7,,,,,structured/volleyball/2000-2001.json
2000-2001,Volleyball,Juniors,Final Standings,6,NU,National University,1,9,,,,,structured/volleyball/2000-2001.json
2000-2001,Volleyball,Men's,Final Standings,1,UST,University of Santo Tomas,12,2,,Champion,Clarence T. Esteban (UST),Jodel Winston M. Escano (UST),"IMG_1219, IMG_1220"
2000-2001,Volleyball,Men's,Final Standings,1,FEU,Far Eastern University,10,4,,Best Server:,Clarence T. Esteban (UST),Jodel Winston M. Escano (UST),"IMG_1219, IMG_1220"
2000-2001,Volleyball,Men's,Final Standings,3,NU,National University,10,4,,Third place,Clarence T. Esteban (UST),Jodel Winston M. Escano (UST),"IMG_1219, IMG_1220"
2000-2001,Volleyball,Men's,Final Standings,4,DLSU,De La Salle University,9,5,,Fourth place,Clarence T. Esteban (UST),Jodel Winston M. Escano (UST),"IMG_1219, IMG_1220"
2000-2001,Volleyball,Men's,Final Standings,5,AdU,Adamson University,9,5,,Fifth place,Clarence T. Esteban (UST),Jodel Winston M. Escano (UST),"IMG_1219, IMG_1220"
2000-2001,Volleyball,Men's,Final Standings,6,UP,University of the Philippines,8,6,,Sixth place,Clarence T. Esteban (UST),Jodel Winston M. Escano (UST),"IMG_1219, IMG_1220"
2000-2001,Volleyball,Men's,Final Standings,7,UE,University of the East,5,9,,Seventh place,Clarence T. Esteban (UST),Jodel Winston M. Escano (UST),"IMG_1219, IMG_1220"
2000-2001,Volleyball,Men's,Final Standings,8,ADMU,Ateneo de Manila University,2,12,,Eighth place,Clarence T. Esteban (UST),Jodel Winston M. Escano (UST),"IMG_1219, IMG_1220"
2000-2001,Volleyball,Women's,Final Standings,1,FEU,Far Eastern University,12,2,,Most Valuable Player:,Ailyn C. Ege (FEU),Beverly G. Benin (FEU),IMG_1227
2000-2001,Volleyball,Women's,Final Standings,2,DLSU,De La Salle University,11,3,,Best Spiker :,Ailyn C. Ege (FEU),Beverly G. Benin (FEU),IMG_1227
2000-2001,Volleyball,Women's,Final Standings,3,AdU,Adamson University,10,4,,,Ailyn C. Ege (FEU),Beverly G. Benin (FEU),IMG_1227
2000-2001,Volleyball,Women's,Final Standings,4,UST,University of Santo Tomas,10,4,,,Ailyn C. Ege (FEU),Beverly G. Benin (FEU),IMG_1227
2000-2001,Volleyball,Women's,Final Standings,5,UE,University of the East,6,8,,,Ailyn C. Ege (FEU),Beverly G. Benin (FEU),IMG_1227
2000-2001,Volleyball,Women's,Final Standings,6,UP,University of the Philippines,5,9,,,Ailyn C. Ege (FEU),Beverly G. Benin (FEU),IMG_1227
2000-2001,Volleyball,Women's,Final Standings,7,NU,National University,2,12,,,Ailyn C. Ege (FEU),Beverly G. Benin (FEU),IMG_1227
2000-2001,Volleyball,Women's,Final Standings,8,ADMU,Ateneo de Manila University,0,14,,,Ailyn C. Ege (FEU),Beverly G. Benin (FEU),IMG_1227
1999-2000,Badminton,Men's,Final Standings,1,UP,University of the Philippines,7,0,,Champion,Lloyd Escoses (FEU),,IMG_0940
1999-2000,Badminton,Men's,Final Standings,2,FEU,Far Eastern University,6,1,,Runner-up,Lloyd Escoses (FEU),,IMG_0940
1999-2000,Badminton,Men's,Final Standings,3,UE,University of the East,5,2,,,Lloyd Escoses (FEU),,IMG_0940
1999-2000,Badminton,Men's,Final Standings,4,ADMU,Ateneo de Manila University,4,3,,Fourth place,Lloyd Escoses (FEU),,IMG_0940
1999-2000,Badminton,Men's,Final Standings,5,UST,University of Santo Tomas,4,3,,Fifth place,Lloyd Escoses (FEU),,IMG_0940
1999-2000,Badminton,Men's,Final Standings,6,DLSU,De La Salle University,2,5,,Sixth place,Lloyd Escoses (FEU),,IMG_0940
1999-2000,Badminton,Men's,Final Standings,7,NU,National University,1,6,,Seventh place,Lloyd Escoses (FEU),,IMG_0940
1999-2000,Badminton,Men's,Final Standings,8,AdU,Adamson University,0,7,,Eighth place,Lloyd Escoses (FEU),,IMG_0940
1999-2000,Baseball,Men's,Final Standings,1,DLSU,De La Salle University,9,1,,Champion,Sebastian Ledesma (DLSU),Peter Paul Dimal (DLSU),IMG_0955
1999-2000,Baseball,Men's,Final Standings,2,UP,University of the Philippines,7,2,,1,Sebastian Ledesma (DLSU),Peter Paul Dimal (DLSU),IMG_0955
1999-2000,Baseball,Men's,Final Standings,3,UST,University of Santo Tomas,6,4,,Third place,Sebastian Ledesma (DLSU),Peter Paul Dimal (DLSU),IMG_0955
1999-2000,Baseball,Men's,Final Standings,4,NU,National University,4,5,,Fourth place,Sebastian Ledesma (DLSU),Peter Paul Dimal (DLSU),IMG_0955
1999-2000,Baseball,Men's,Final Standings,5,AdU,Adamson University,4,6,,Fifth place,Sebastian Ledesma (DLSU),Peter Paul Dimal (DLSU),IMG_0955
1999-2000,Baseball,Men's,Final Standings,6,ADMU,Ateneo de Manila University,0,10,,Sixth place,Sebastian Ledesma (DLSU),Peter Paul Dimal (DLSU),IMG_0955
1999-2000,Basketball,Juniors,Final Standings,1,ADMU,Ateneo de Manila University,14,1,,Champion,Larry Alexander N. Fonacier (ADMU),,"IMG_1042, IMG_1046"
1999-2000,Basketball,Juniors,Final Standings,2,AdU,Adamson University,11,6,,Guard/Forward,Larry Alexander N. Fonacier (ADMU),,"IMG_1042, IMG_1046"
1999-2000,Basketball,Juniors,Final Standings,3,UST,University of Santo Tomas,10,5,,Third place,Larry Alexander N. Fonacier (ADMU),,"IMG_1042, IMG_1046"
1999-2000,Basketball,Juniors,Final Standings,4,DLSU,De La Salle University,7,6,,,Larry Alexander N. Fonacier (ADMU),,"IMG_1042, IMG_1046"
1999-2000,Basketball,Juniors,Final Standings,4,DLSZ,De La Salle Santiago Zobel School,,,,Fourth place,Larry Alexander N. Fonacier (ADMU),,"IMG_1042, IMG_1046"
1999-2000,Basketball,Juniors,Final Standings,5,UP,University of the Philippines,4,8,,Fifth place,Larry Alexander N. Fonacier (ADMU),,"IMG_1042, IMG_1046"
1999-2000,Basketball,Juniors,Final Standings,6,NU,National University,2,10,,Sixth place,Larry Alexander N. Fonacier (ADMU),,"IMG_1042, IMG_1046"
1999-2000,Basketball,Juniors,Final Standings,7,UE,University of the East,0,12,,Seventh place,Larry Alexander N. Fonacier (ADMU),,"IMG_1042, IMG_1046"
1999-2000,Basketball,Men's,Final Standings,1,ADMU,Ateneo de Manila University,,,,,,,structured/basketball/1999-2000.json
1999-2000,Basketball,Men's,Final Standings,2,AdU,Adamson University,,,,,,,structured/basketball/1999-2000.json
1999-2000,Basketball,Men's,Final Standings,3,UST,University of Santo Tomas,,,,,,,structured/basketball/1999-2000.json
1999-2000,Basketball,Men's,Final Standings,4,UE,University of the East,,,,,,,structured/basketball/1999-2000.json
1999-2000,Chess,Juniors,Final Standings,1,ADMU,Ateneo de Manila University,,,31,Champion,Leonard Reyes (ADMU),Ray Albano (UE),IMG_1056
1999-2000,Chess,Juniors,Final Standings,2,AdU,Adamson University,,,28.5,RUNNER-UP,Leonard Reyes (ADMU),Ray Albano (UE),IMG_1056
1999-2000,Chess,Juniors,Final Standings,3,UE,University of the East,,,24.5,Third place,Leonard Reyes (ADMU),Ray Albano (UE),IMG_1056
1999-2000,Chess,Juniors,Final Standings,4,NU,National University,,,17,Fourth place,Leonard Reyes (ADMU),Ray Albano (UE),IMG_1056
1999-2000,Chess,Juniors,Final Standings,5,UST,University of Santo Tomas,,,13.5,Fifth place,Leonard Reyes (ADMU),Ray Albano (UE),IMG_1056
1999-2000,Chess,Juniors,Final Standings,6,DLSU,De La Salle University,,,5,,Leonard Reyes (ADMU),Ray Albano (UE),IMG_1056
1999-2000,Chess,Juniors,Final Standings,6,DLSZ,De La Salle Santiago Zobel School,,,,Sixth place,Leonard Reyes (ADMU),Ray Albano (UE),IMG_1056
1999-2000,Chess,Men's,Final Standings,1,DLSU,De La Salle University,,,41.5,Champion,Randy Segarra (DLSU),Roland Salvador (UST),IMG_0986
1999-2000,Chess,Men's,Final Standings,2,UP,University of the Philippines,,,35,"Castellano, Christopher",Randy Segarra (DLSU),Roland Salvador (UST),IMG_0986
1999-2000,Chess,Men's,Final Standings,3,UST,University of Santo Tomas,,,33.5,Third place,Randy Segarra (DLSU),Roland Salvador (UST),IMG_0986
1999-2000,Chess,Men's,Final Standings,4,UE,University of the East,,,28.5,Fourth place,Randy Segarra (DLSU),Roland Salvador (UST),IMG_0986
1999-2000,Chess,Men's,Final Standings,5,AdU,Adamson University,,,27,Fifth place,Randy Segarra (DLSU),Roland Salvador (UST),IMG_0986
1999-2000,Chess,Men's,Final Standings,6,FEU,Far Eastern University,,,26,Sixth place,Randy Segarra (DLSU),Roland Salvador (UST),IMG_0986
1999-2000,Chess,Men's,Final Standings,7,ADMU,Ateneo de Manila University,,,23,Seventh place,Randy Segarra (DLSU),Roland Salvador (UST),IMG_0986
1999-2000,Chess,Men's,Final Standings,8,NU,National University,,,9.5,Eighth place,Randy Segarra (DLSU),Roland Salvador (UST),IMG_0986
1999-2000,Chess,Women's,Final Standings,1,UE,University of the East,,,34.5,Champion,Mary Grace Castro (UE),Pearl Dela Cruz (UST),"IMG_0989, IMG_0990"
1999-2000,Chess,Women's,Final Standings,2,FEU,Far Eastern University,,,29.5,"Cruz, Jennifer",Mary Grace Castro (UE),Pearl Dela Cruz (UST),"IMG_0989, IMG_0990"
1999-2000,Chess,Women's,Final Standings,3,UST,University of Santo Tomas,,,27,Third place,Mary Grace Castro (UE),Pearl Dela Cruz (UST),"IMG_0989, IMG_0990"
1999-2000,Chess,Women's,Final Standings,4,AdU,Adamson University,,,25.5,Fourth place,Mary Grace Castro (UE),Pearl Dela Cruz (UST),"IMG_0989, IMG_0990"
1999-2000,Chess,Women's,Final Standings,5,UP,University of the Philippines,,,21.5,Fifth place,Mary Grace Castro (UE),Pearl Dela Cruz (UST),"IMG_0989, IMG_0990"
1999-2000,Chess,Women's,Final Standings,6,DLSU,De La Salle University,,,18,Sixth place,Mary Grace Castro (UE),Pearl Dela Cruz (UST),"IMG_0989, IMG_0990"
1999-2000,Chess,Women's,Final Standings,7,ADMU,Ateneo de Manila University,,,12,Seventh place,Mary Grace Castro (UE),Pearl Dela Cruz (UST),"IMG_0989, IMG_0990"
1999-2000,Fencing,Men's,Final Standings,1,DLSU,De La Salle University,0,,,Champion,Ramil Endriano (DLSU),,"IMG_1031, IMG_1032, IMG_1033, IMG_1034, IMG_1035, IMG_1036"
1999-2000,Fencing,Men's,Final Standings,3,UP,University of the Philippines,2,,,Third place,Ramil Endriano (DLSU),,"IMG_1031, IMG_1032, IMG_1033, IMG_1034, IMG_1035, IMG_1036"
1999-2000,Fencing,Men's,Final Standings,4,ADMU,Ateneo de Manila University,1,,,Fourth place,Ramil Endriano (DLSU),,"IMG_1031, IMG_1032, IMG_1033, IMG_1034, IMG_1035, IMG_1036"
1999-2000,Fencing,Men's,Final Standings,5,UE,University of the East,2,,,PADILLA Andrew,Ramil Endriano (DLSU),,"IMG_1031, IMG_1032, IMG_1033, IMG_1034, IMG_1035, IMG_1036"
1999-2000,Fencing,Men's,Final Standings,5,FEU,Far Eastern University,0,,,Fifth place,Ramil Endriano (DLSU),,"IMG_1031, IMG_1032, IMG_1033, IMG_1034, IMG_1035, IMG_1036"
1999-2000,Fencing,Men's,Final Standings,6,UST,University of Santo Tomas,0,,,Sixth place,Ramil Endriano (DLSU),,"IMG_1031, IMG_1032, IMG_1033, IMG_1034, IMG_1035, IMG_1036"
1999-2000,Fencing,Women's,Final Standings,1,UP,University of the Philippines,4,,,Champion,Elizabeth Pil (UP),,"IMG_1031, IMG_1037, IMG_1039, IMG_1040"
1999-2000,Fencing,Women's,Final Standings,2,ADMU,Ateneo de Manila University,3,,,SARA Jaquelynne,Elizabeth Pil (UP),,"IMG_1031, IMG_1037, IMG_1039, IMG_1040"
1999-2000,Fencing,Women's,Final Standings,3,UE,University of the East,4,,,Third place,Elizabeth Pil (UP),,"IMG_1031, IMG_1037, IMG_1039, IMG_1040"
1999-2000,Fencing,Women's,Final Standings,4,FEU,Far Eastern University,0,,,Fourth place,Elizabeth Pil (UP),,"IMG_1031, IMG_1037, IMG_1039, IMG_1040"
1999-2000,Fencing,Women's,Final Standings,5,DLSU,De La Salle University,2,,,Fifth place,Elizabeth Pil (UP),,"IMG_1031, IMG_1037, IMG_1039, IMG_1040"
1999-2000,Fencing,Women's,Final Standings,6,UST,University of Santo Tomas,1,,,Sixth place,Elizabeth Pil (UP),,"IMG_1031, IMG_1037, IMG_1039, IMG_1040"
1999-2000,Football,Men's,Final Standings,1,UST,University of Santo Tomas,10,2,1,Champion,Randy Bela (UST),Ariel Zerrudo (UP),IMG_0993
1999-2000,Football,Men's,Final Standings,2,FEU,Far Eastern University,7,2,4,74,Randy Bela (UST),Ariel Zerrudo (UP),IMG_0993
1999-2000,Football,Men's,Final Standings,3,UP,University of the Philippines,7,1,4,Third place,Randy Bela (UST),Ariel Zerrudo (UP),IMG_0993
1999-2000,Football,Men's,Final Standings,4,DLSU,De La Salle University,6,2,4,Fourth place,Randy Bela (UST),Ariel Zerrudo (UP),IMG_0993
1999-2000,Football,Men's,Final Standings,5,ADMU,Ateneo de Manila University,5,4,3,Fifth place,Randy Bela (UST),Ariel Zerrudo (UP),IMG_0993
1999-2000,Football,Men's,Final Standings,6,UE,University of the East,2,1,9,Sixth place,Randy Bela (UST),Ariel Zerrudo (UP),IMG_0993
1999-2000,Football,Men's,Final Standings,7,AdU,Adamson University,0,0,12,Seventh place,Randy Bela (UST),Ariel Zerrudo (UP),IMG_0993
1999-2000,Football,Women's,Final Standings,1,DLSU,De La Salle University,4,5,0,Champion,Marielle Benitez (DLSU),Andrea Barandiaran (DLSU),IMG_0996
1999-2000,Football,Women's,Final Standings,2,UST,University of Santo Tomas,3,4,2,6,Marielle Benitez (DLSU),Andrea Barandiaran (DLSU),IMG_0996
1999-2000,Football,Women's,Final Standings,3,FEU,Far Eastern University,3,3,2,Third place,Marielle Benitez (DLSU),Andrea Barandiaran (DLSU),IMG_0996
1999-2000,Football,Women's,Final Standings,4,UP,University of the Philippines,2,5,1,Fourth place,Marielle Benitez (DLSU),Andrea Barandiaran (DLSU),IMG_0996
1999-2000,Football,Women's,Final Standings,5,ADMU,Ateneo de Manila University,0,1,7,Fifth place,Marielle Benitez (DLSU),Andrea Barandiaran (DLSU),IMG_0996
1999-2000,General Championship,junior,Final Standings,1,UST,University of Santo Tomas,,,84,,,,structured/overall_standings/1999-2000.json
1999-2000,General Championship,junior,Final Standings,2,ADMU,Ateneo de Manila University,,,77,,,,structured/overall_standings/1999-2000.json
1999-2000,General Championship,junior,Final Standings,3,DLSU,De La Salle University,,,73,,,,structured/overall_standings/1999-2000.json
1999-2000,General Championship,junior,Final Standings,4,AdU,Adamson University,,,65,,,,structured/overall_standings/1999-2000.json
1999-2000,General Championship,junior,Final Standings,5,UE,University of the East,,,57,,,,structured/overall_standings/1999-2000.json
1999-2000,General Championship,junior,Final Standings,6,UP,University of the Philippines,,,54,,,,structured/overall_standings/1999-2000.json
1999-2000,General Championship,junior,Final Standings,7,NU,National University,,,20,,,,structured/overall_standings/1999-2000.json
1999-2000,General Championship,junior,Final Standings,8,FEU,Far Eastern University,,,0,,,,structured/overall_standings/1999-2000.json
1999-2000,Judo,Men's,Final Standings,1,UST,University of Santo Tomas,4,,,Champion,Paolo Vitug (UST),,"IMG_0998, IMG_0999"
1999-2000,Judo,Men's,Final Standings,1,UP,University of the Philippines,3,,,W,Paolo Vitug (UST),,"IMG_0998, IMG_0999"
1999-2000,Judo,Men's,Final Standings,3,DLSU,De La Salle University,2,,,Third place,Paolo Vitug (UST),,"IMG_0998, IMG_0999"
1999-2000,Judo,Men's,Final Standings,4,UE,University of the East,1,,,Fourth place,Paolo Vitug (UST),,"IMG_0998, IMG_0999"
1999-2000,Judo,Men's,Final Standings,5,ADMU,Ateneo de Manila University,0,,,Fifth place,Paolo Vitug (UST),,"IMG_0998, IMG_0999"
1999-2000,Judo,Men's,Final Standings,6,FEU,Far Eastern University,0,,,Sixth place,Paolo Vitug (UST),,"IMG_0998, IMG_0999"
1999-2000,Judo,Women's,Final Standings,1,UP,University of the Philippines,4,,,Champion,Ma Cecilia Paras (UP),,IMG_1002
1999-2000,Judo,Women's,Final Standings,1,UST,University of Santo Tomas,3,,,W,Ma Cecilia Paras (UP),,IMG_1002
1999-2000,Judo,Women's,Final Standings,3,DLSU,De La Salle University,1,,,Third place,Ma Cecilia Paras (UP),,IMG_1002
1999-2000,Judo,Women's,Final Standings,4,ADMU,Ateneo de Manila University,1,,,Fourth place,Ma Cecilia Paras (UP),,IMG_1002
1999-2000,Judo,Women's,Final Standings,5,UE,University of the East,0,,,Fifth place,Ma Cecilia Paras (UP),,IMG_1002
1999-2000,Judo,Women's,Final Standings,6,FEU,Far Eastern University,0,,,Sixth place,Ma Cecilia Paras (UP),,IMG_1002
1999-2000,Lawn Tennis,Men's,Final Standings,1,UP,University of the Philippines,9,1,,Champion,Samuel Anthony Villar (UP),Gian Remigio (UP),IMG_1005
1999-2000,Lawn Tennis,Men's,Final Standings,2,ADMU,Ateneo de Manila University,8,1,,Runner-up,Samuel Anthony Villar (UP),Gian Remigio (UP),IMG_1005
1999-2000,Lawn Tennis,Men's,Final Standings,3,UST,University of Santo Tomas,7,3,,Third place,Samuel Anthony Villar (UP),Gian Remigio (UP),IMG_1005
1999-2000,Lawn Tennis,Men's,Final Standings,4,DLSU,De La Salle University,4,6,,Fourth place,Samuel Anthony Villar (UP),Gian Remigio (UP),IMG_1005
1999-2000,Lawn Tennis,Men's,Final Standings,5,AdU,Adamson University,1,9,,Fifth place,Samuel Anthony Villar (UP),Gian Remigio (UP),IMG_1005
1999-2000,Lawn Tennis,Men's,Final Standings,6,UE,University of the East,1,9,,Sixth place,Samuel Anthony Villar (UP),Gian Remigio (UP),IMG_1005
1999-2000,Softball,Men's,Final Standings,1,AdU,Adamson University,9,1,,Champion,Jenny De Jesus (AdU),Mary Glenn Enrique (UP),IMG_1011
1999-2000,Softball,Men's,Final Standings,2,UP,University of the Philippines,8,2,,Rookie of the Year,Jenny De Jesus (AdU),Mary Glenn Enrique (UP),IMG_1011
1999-2000,Softball,Men's,Final Standings,3,UE,University of the East,6,4,,Third place,Jenny De Jesus (AdU),Mary Glenn Enrique (UP),IMG_1011
1999-2000,Softball,Men's,Final Standings,4,UST,University of Santo Tomas,5,5,,Fourth place,Jenny De Jesus (AdU),Mary Glenn Enrique (UP),IMG_1011
1999-2000,Softball,Men's,Final Standings,5,DLSU,De La Salle University,2,8,,Fifth place,Jenny De Jesus (AdU),Mary Glenn Enrique (UP),IMG_1011
1999-2000,Softball,Men's,Final Standings,6,ADMU,Ateneo de Manila University,0,10,,Sixth place,Jenny De Jesus (AdU),Mary Glenn Enrique (UP),IMG_1011
1999-2000,Table Tennis,Juniors,Final Standings,1,AdU,Adamson University,,,,Champion,Jeffrey M. Santos (UE),,"IMG_1059, IMG_1060"
1999-2000,Table Tennis,Juniors,Final Standings,2,ADMU,Ateneo de Manila University,,,,Runner-up,Jeffrey M. Santos (UE),,"IMG_1059, IMG_1060"
1999-2000,Table Tennis,Juniors,Final Standings,3,UP,University of the Philippines,,,,Third place,Jeffrey M. Santos (UE),,"IMG_1059, IMG_1060"
1999-2000,Table Tennis,Juniors,Final Standings,4,UST,University of Santo Tomas,,,,Fourth place,Jeffrey M. Santos (UE),,"IMG_1059, IMG_1060"
1999-2000,Table Tennis,Juniors,Final Standings,5,DLSU,De La Salle University,,,,Fifth place,Jeffrey M. Santos (UE),,"IMG_1059, IMG_1060"
1999-2000,Table Tennis,Juniors,Final Standings,6,NU,National University,,,,Sixth place,Jeffrey M. Santos (UE),,"IMG_1059, IMG_1060"
1999-2000,Table Tennis,Juniors,Final Standings,7,UE,University of the East,,,,Seventh place,Jeffrey M. Santos (UE),,"IMG_1059, IMG_1060"
1999-2000,Table Tennis,Men's,Final Standings,1,UE,University of the East,,,,Champion,Alvin E. Remigio (UE),,"IMG_1014, IMG_1015"
1999-2000,Table Tennis,Men's,Final Standings,2,DLSU,De La Salle University,,,,Runner-up,Alvin E. Remigio (UE),,"IMG_1014, IMG_1015"
1999-2000,Table Tennis,Men's,Final Standings,3,UP,University of the Philippines,,,,Third place,Alvin E. Remigio (UE),,"IMG_1014, IMG_1015"
1999-2000,Table Tennis,Men's,Final Standings,4,UST,University of Santo Tomas,,,,Fourth place,Alvin E. Remigio (UE),,"IMG_1014, IMG_1015"
1999-2000,Table Tennis,Men's,Final Standings,5,AdU,Adamson University,,,,Fifth place,Alvin E. Remigio (UE),,"IMG_1014, IMG_1015"
1999-2000,Table Tennis,Men's,Final Standings,6,FEU,Far Eastern University,,,,Sixth place,Alvin E. Remigio (UE),,"IMG_1014, IMG_1015"
1999-2000,Table Tennis,Men's,Final Standings,7,ADMU,Ateneo de Manila University,,,,Seventh place,Alvin E. Remigio (UE),,"IMG_1014, IMG_1015"
1999-2000,Table Tennis,Men's,Final Standings,8,NU,National University,,,,Eighth place,Alvin E. Remigio (UE),,"IMG_1014, IMG_1015"
1999-2000,Table Tennis,Women's,Final Standings,1,UP,University of the Philippines,,,,14,Karen C. Jaleco (UP),,"IMG_1016, IMG_1017"
1999-2000,Table Tennis,Women's,Final Standings,2,DLSU,De La Salle University,,,,13,Karen C. Jaleco (UP),,"IMG_1016, IMG_1017"
1999-2000,Table Tennis,Women's,Final Standings,3,AdU,Adamson University,,,,10,Karen C. Jaleco (UP),,"IMG_1016, IMG_1017"
1999-2000,Table Tennis,Women's,Final Standings,4,UST,University of Santo Tomas,,,,12,Karen C. Jaleco (UP),,"IMG_1016, IMG_1017"
1999-2000,Table Tennis,Women's,Final Standings,5,FEU,Far Eastern University,,,,11,Karen C. Jaleco (UP),,"IMG_1016, IMG_1017"
1999-2000,Table Tennis,Women's,Final Standings,6,UE,University of the East,,,,9,Karen C. Jaleco (UP),,"IMG_1016, IMG_1017"
1999-2000,Table Tennis,Women's,Final Standings,7,ADMU,Ateneo de Manila University,,,,8,Karen C. Jaleco (UP),,"IMG_1016, IMG_1017"
1999-2000,Table Tennis,Women's,Final Standings,8,NU,National University,,,,6,Karen C. Jaleco (UP),,"IMG_1016, IMG_1017"
1999-2000,Tae Kwon Do,Juniors,Final Standings,1,ADMU,Ateneo de Manila University,,,,Champion,,,IMG_1066
1999-2000,Tae Kwon Do,Juniors,Final Standings,2,DLSZ,De La Salle Santiago Zobel School,,,,Runner-up,,,IMG_1066
1999-2000,Tae Kwon Do,Juniors,Final Standings,3,UE,University of the East,,,,Third place,,,IMG_1066
1999-2000,Tae Kwon Do,Men's,Final Standings,1,UST,University of Santo Tomas,5,1,,Champion,,,"IMG_1018, IMG_1019"
1999-2000,Tae Kwon Do,Men's,Final Standings,2,DLSU,De La Salle University,5,1,,4 - 2,,,"IMG_1018, IMG_1019"
1999-2000,Tae Kwon Do,Men's,Final Standings,3,UP,University of the Philippines,4,2,,Third place,,,"IMG_1018, IMG_1019"
1999-2000,Tae Kwon Do,Men's,Final Standings,4,FEU,Far Eastern University,4,2,,Fourth place,,,"IMG_1018, IMG_1019"
1999-2000,Tae Kwon Do,Men's,Final Standings,5,UE,University of the East,2,4,,Fifth place,,,"IMG_1018, IMG_1019"
1999-2000,Tae Kwon Do,Men's,Final Standings,6,ADMU,Ateneo de Manila University,1,5,,Sixth place,,,"IMG_1018, IMG_1019"
1999-2000,Tae Kwon Do,Men's,Final Standings,7,AdU,Adamson University,0,6,,Seventh place,,,"IMG_1018, IMG_1019"
1999-2000,Tae Kwon Do,Women's,Final Standings,1,UST,University of Santo Tomas,6,0,,Champion,,,"IMG_1019, IMG_1021"
1999-2000,Tae Kwon Do,Women's,Final Standings,2,UP,University of the Philippines,1,5,,2 - 5,,,"IMG_1019, IMG_1021"
1999-2000,Tae Kwon Do,Women's,Final Standings,3,ADMU,Ateneo de Manila University,3,3,,Third place,,,"IMG_1019, IMG_1021"
1999-2000,Tae Kwon Do,Women's,Final Standings,4,UE,University of the East,5,1,,Fourth place,,,"IMG_1019, IMG_1021"
1999-2000,Tae Kwon Do,Women's,Final Standings,5,FEU,Far Eastern University,4,2,,Fifth place,,,"IMG_1019, IMG_1021"
1999-2000,Tae Kwon Do,Women's,Final Standings,6,DLSU,De La Salle University,2,4,,Sixth place,,,"IMG_1019, IMG_1021"
1999-2000,Tae Kwon Do,Women's,Final Standings,7,AdU,Adamson University,0,6,,Seventh place,,,"IMG_1019, IMG_1021"
1999-2000,Volleyball,Boys,Final Standings,1,DLSZ,De La Salle Santiago Zobel School,10,0,,,Anthony Joseph Zara (DLS (Z)),,IMG_1061
1999-2000,Volleyball,Boys,Final Standings,2,UST,University of Santo Tomas,8,2,,,Anthony Joseph Zara (DLS (Z)),,IMG_1061
1999-2000,Volleyball,Boys,Final Standings,3,UE,University of the East,6,4,,,Anthony Joseph Zara (DLS (Z)),,IMG_1061
1999-2000,Volleyball,Boys,Final Standings,4,ADMU,Ateneo de Manila University,4,6,,,Anthony Joseph Zara (DLS (Z)),,IMG_1061
1999-2000,Volleyball,Boys,Final Standings,5,UP,University of the Philippines,2,8,,,Anthony Joseph Zara (DLS (Z)),,IMG_1061
1999-2000,Volleyball,Boys,Final Standings,6,NU,National University,0,10,,,Anthony Joseph Zara (DLS (Z)),,IMG_1061
1999-2000,Volleyball,Girls,Final Standings,1,UE,University of the East,6,0,,,Cherrie Mae Verzosa (UE),,IMG_1064
1999-2000,Volleyball,Girls,Final Standings,2,UST,University of Santo Tomas,4,2,,,Cherrie Mae Verzosa (UE),,IMG_1064
1999-2000,Volleyball,Girls,Final Standings,3,UP,University of the Philippines,2,4,,,Cherrie Mae Verzosa (UE),,IMG_1064
1999-2000,Volleyball,Girls,Final Standings,4,DLSZ,De La Salle Santiago Zobel School,0,6,,,Cherrie Mae Verzosa (UE),,IMG_1064
1999-2000,Volleyball,Juniors,Final Standings,1,DLSU,De La Salle University,10,0,,,,,structured/volleyball/1999-2000.json
1999-2000,Volleyball,Juniors,Final Standings,2,UST,University of Santo Tomas,8,2,,,,,structured/volleyball/1999-2000.json
1999-2000,Volleyball,Juniors,Final Standings,3,UE,University of the East,6,4,,,,,structured/volleyball/1999-2000.json
1999-2000,Volleyball,Juniors,Final Standings,4,ADMU,Ateneo de Manila University,4,6,,,,,structured/volleyball/1999-2000.json
1999-2000,Volleyball,Juniors,Final Standings,5,UP,University of the Philippines,2,8,,,,,structured/volleyball/1999-2000.json
1999-2000,Volleyball,Juniors,Final Standings,6,NU,National University,0,10,,,,,structured/volleyball/1999-2000.json
1999-2000,Volleyball,Men's,Final Standings,1,UST,University of Santo Tomas,14,0,,Runner-up,,,IMG_1023
1999-2000,Volleyball,Men's,Final Standings,1,FEU,Far Eastern University,10,4,,Champion,,,IMG_1023
1999-2000,Volleyball,Men's,Final Standings,3,AdU,Adamson University,8,6,,Third place,,,IMG_1023
1999-2000,Volleyball,Men's,Final Standings,4,DLSU,De La Salle University,9,5,,Fourth place,,,IMG_1023
1999-2000,Volleyball,Men's,Final Standings,5,UE,University of the East,8,6,,Fifth place,,,IMG_1023
1999-2000,Volleyball,Men's,Final Standings,6,UP,University of the Philippines,4,10,,Sixth place,,,IMG_1023
1999-2000,Volleyball,Men's,Final Standings,7,NU,National University,3,11,,Seventh place,,,IMG_1023
1999-2000,Volleyball,Men's,Final Standings,8,ADMU,Ateneo de Manila University,0,14,,Eighth place,,,IMG_1023
1999-2000,Volleyball,Women's,Final Standings,1,UST,University of Santo Tomas,13,1,,Runner-up,,,IMG_1027
1999-2000,Volleyball,Women's,Final Standings,1,DLSU,De La Salle University,11,3,,Champion,,,IMG_1027
1999-2000,Volleyball,Women's,Final Standings,3,AdU,Adamson University,9,5,,Third place,,,IMG_1027
1999-2000,Volleyball,Women's,Final Standings,4,FEU,Far Eastern University,9,5,,Fourth place,,,IMG_1027
1999-2000,Volleyball,Women's,Final Standings,5,UP,University of the Philippines,6,8,,Fifth place,,,IMG_1027
1999-2000,Volleyball,Women's,Final Standings,6,UE,University of the East,5,9,,Sixth place,,,IMG_1027
1999-2000,Volleyball,Women's,Final Standings,7,NU,National University,3,11,,Seventh place,,,IMG_1027
1999-2000,Volleyball,Women's,Final Standings,8,ADMU,Ateneo de Manila University,0,14,,Eighth place,,,IMG_1027
1998-1999,Badminton,Men's,Final Standings,1,UP,University of the Philippines,7,0,,Champion,Kennevic C. Asuncion (UP),,IMG_1292
1998-1999,Badminton,Men's,Final Standings,2,UST,University of Santo Tomas,6,1,,RUNNER-UP,Kennevic C. Asuncion (UP),,IMG_1292
1998-1999,Badminton,Men's,Final Standings,3,UE,University of the East,5,2,,Third place,Kennevic C. Asuncion (UP),,IMG_1292
1998-1999,Badminton,Men's,Final Standings,4,ADMU,Ateneo de Manila University,4,3,,Fourth place,Kennevic C. Asuncion (UP),,IMG_1292
1998-1999,Badminton,Men's,Final Standings,5,FEU,Far Eastern University,3,4,,Fifth place,Kennevic C. Asuncion (UP),,IMG_1292
1998-1999,Badminton,Men's,Final Standings,6,DLSU,De La Salle University,2,5,,Sixth place,Kennevic C. Asuncion (UP),,IMG_1292
1998-1999,Badminton,Men's,Final Standings,7,AdU,Adamson University,1,6,,Seventh place,Kennevic C. Asuncion (UP),,IMG_1292
1998-1999,Badminton,Men's,Final Standings,8,NU,National University,0,7,,Eighth place,Kennevic C. Asuncion (UP),,IMG_1292
1998-1999,Badminton,Women's,Final Standings,1,UP,University of the Philippines,7,0,,Champion,Kennie C. Asuncion (UP),,IMG_1303
1998-1999,Badminton,Women's,Final Standings,2,FEU,Far Eastern University,6,1,,RUNNER-UP,Kennie C. Asuncion (UP),,IMG_1303
1998-1999,Badminton,Women's,Final Standings,3,ADMU,Ateneo de Manila University,5,2,,Third place,Kennie C. Asuncion (UP),,IMG_1303
1998-1999,Badminton,Women's,Final Standings,4,UST,University of Santo Tomas,4,3,,Fourth place,Kennie C. Asuncion (UP),,IMG_1303
1998-1999,Badminton,Women's,Final Standings,5,DLSU,De La Salle University,3,4,,Fifth place,Kennie C. Asuncion (UP),,IMG_1303
1998-1999,Badminton,Women's,Final Standings,6,AdU,Adamson University,2,5,,Sixth place,Kennie C. Asuncion (UP),,IMG_1303
1998-1999,Badminton,Women's,Final Standings,7,UE,University of the East,1,6,,Seventh place,Kennie C. Asuncion (UP),,IMG_1303
1998-1999,Badminton,Women's,Final Standings,8,NU,National University,0,7,,Eighth place,Kennie C. Asuncion (UP),,IMG_1303
1998-1999,Baseball,Men's,Final Standings,1,AdU,Adamson University,8,1,,Champion,,Joseph Orillana (DLSU),IMG_1320
1998-1999,Baseball,Men's,Final Standings,2,UP,University of the Philippines,7,3,,0,,Joseph Orillana (DLSU),IMG_1320
1998-1999,Baseball,Men's,Final Standings,3,UST,University of Santo Tomas,6,3,,Third place,,Joseph Orillana (DLSU),IMG_1320
1998-1999,Baseball,Men's,Final Standings,4,DLSU,De La Salle University,5,4,,Fourth place,,Joseph Orillana (DLSU),IMG_1320
1998-1999,Baseball,Men's,Final Standings,5,NU,National University,2,7,,Fifth place,,Joseph Orillana (DLSU),IMG_1320
1998-1999,Baseball,Men's,Final Standings,6,ADMU,Ateneo de Manila University,0,10,,Sixth place,,Joseph Orillana (DLSU),IMG_1320
1998-1999,Basketball,Juniors,Final Standings,1,UST,University of Santo Tomas,11,1,,,Alvin Espiritu (UST),Larry Alexander Fonacier (ADMU),IMG_1379
1998-1999,Basketball,Juniors,Final Standings,2,ADMU,Ateneo de Manila University,10,2,,,Alvin Espiritu (UST),Larry Alexander Fonacier (ADMU),IMG_1379
1998-1999,Basketball,Juniors,Final Standings,3,AdU,Adamson University,8,4,,,Alvin Espiritu (UST),Larry Alexander Fonacier (ADMU),IMG_1379
1998-1999,Basketball,Juniors,Final Standings,4,DLSZ,De La Salle Santiago Zobel School,6,6,,,Alvin Espiritu (UST),Larry Alexander Fonacier (ADMU),IMG_1379
1998-1999,Basketball,Juniors,Final Standings,5,UE,University of the East,5,7,,,Alvin Espiritu (UST),Larry Alexander Fonacier (ADMU),IMG_1379
1998-1999,Basketball,Juniors,Final Standings,6,UP,University of the Philippines,1,11,,,Alvin Espiritu (UST),Larry Alexander Fonacier (ADMU),IMG_1379
1998-1999,Basketball,Juniors,Final Standings,7,NU,National University,1,11,,,Alvin Espiritu (UST),Larry Alexander Fonacier (ADMU),IMG_1379
1998-1999,Basketball,Men's,Final Standings,1,DLSU,De La Salle University,13,1,,,Don Carlos Allado (DLSU),Jose Enrico Villanueva (ADMU),IMG_1312
1998-1999,Basketball,Men's,Final Standings,2,FEU,Far Eastern University,11,3,,,Don Carlos Allado (DLSU),Jose Enrico Villanueva (ADMU),IMG_1312
1998-1999,Basketball,Men's,Final Standings,3,UE,University of the East,7,7,,,Don Carlos Allado (DLSU),Jose Enrico Villanueva (ADMU),IMG_1312
1998-1999,Basketball,Men's,Final Standings,4,UST,University of Santo Tomas,7,7,,,Don Carlos Allado (DLSU),Jose Enrico Villanueva (ADMU),IMG_1312
1998-1999,Basketball,Men's,Final Standings,5,UP,University of the Philippines,7,7,,,Don Carlos Allado (DLSU),Jose Enrico Villanueva (ADMU),IMG_1312
1998-1999,Basketball,Men's,Final Standings,6,ADMU,Ateneo de Manila University,5,9,,,Don Carlos Allado (DLSU),Jose Enrico Villanueva (ADMU),IMG_1312
1998-1999,Basketball,Men's,Final Standings,7,NU,National University,5,9,,,Don Carlos Allado (DLSU),Jose Enrico Villanueva (ADMU),IMG_1312
1998-1999,Basketball,Men's,Final Standings,8,AdU,Adamson University,1,13,,,Don Carlos Allado (DLSU),Jose Enrico Villanueva (ADMU),IMG_1312
1998-1999,Basketball,Women's,Final Standings,1,FEU,Far Eastern University,10,2,,,Bimbie Manalaysay (FEU),Dorothy Torres (AdU),IMG_1316
1998-1999,Basketball,Women's,Final Standings,2,UST,University of Santo Tomas,10,2,,,Bimbie Manalaysay (FEU),Dorothy Torres (AdU),IMG_1316
1998-1999,Basketball,Women's,Final Standings,3,UP,University of the Philippines,7,5,,,Bimbie Manalaysay (FEU),Dorothy Torres (AdU),IMG_1316
1998-1999,Basketball,Women's,Final Standings,4,AdU,Adamson University,7,5,,,Bimbie Manalaysay (FEU),Dorothy Torres (AdU),IMG_1316
1998-1999,Basketball,Women's,Final Standings,5,DLSU,De La Salle University,6,6,,,Bimbie Manalaysay (FEU),Dorothy Torres (AdU),IMG_1316
1998-1999,Basketball,Women's,Final Standings,6,UE,University of the East,1,11,,,Bimbie Manalaysay (FEU),Dorothy Torres (AdU),IMG_1316
1998-1999,Basketball,Women's,Final Standings,7,ADMU,Ateneo de Manila University,1,11,,,Bimbie Manalaysay (FEU),Dorothy Torres (AdU),IMG_1316
1998-1999,Chess,Juniors,Final Standings,1,ADMU,Ateneo de Manila University,6,7,26,Champion,Anton Paolo del Mundo (ADMU),,IMG_1383
1998-1999,Chess,Juniors,Final Standings,2,AdU,Adamson University,,,17,RUNNER-UP,Anton Paolo del Mundo (ADMU),,IMG_1383
1998-1999,Chess,Juniors,Final Standings,3,UST,University of Santo Tomas,4,7,,Third place,Anton Paolo del Mundo (ADMU),,IMG_1383
1998-1999,Chess,Juniors,Final Standings,4,UE,University of the East,,,13,Fourth place,Anton Paolo del Mundo (ADMU),,IMG_1383
1998-1999,Chess,Juniors,Final Standings,5,NU,National University,,,,Fifth place,Anton Paolo del Mundo (ADMU),,IMG_1383
1998-1999,Chess,Men's,Final Standings,1,UST,University of Santo Tomas,,,39,12,Jose Aquino Jr. (UP),,IMG_1323
1998-1999,Chess,Men's,Final Standings,2,UP,University of the Philippines,,,39,11.5,Jose Aquino Jr. (UP),,IMG_1323
1998-1999,Chess,Men's,Final Standings,3,DLSU,De La Salle University,,,37,,Jose Aquino Jr. (UP),,IMG_1323
1998-1999,Chess,Men's,Final Standings,4,UE,University of the East,,,33,"Gumama, Malik Faizal",Jose Aquino Jr. (UP),,IMG_1323
1998-1999,Chess,Men's,Final Standings,5,FEU,Far Eastern University,,,,"Banag, Andy L.",Jose Aquino Jr. (UP),,IMG_1323
1998-1999,Chess,Men's,Final Standings,6,AdU,Adamson University,,,,,Jose Aquino Jr. (UP),,IMG_1323
1998-1999,Chess,Men's,Final Standings,7,ADMU,Ateneo de Manila University,,,,,Jose Aquino Jr. (UP),,IMG_1323
1998-1999,Chess,Men's,Final Standings,8,NU,National University,,,,,Jose Aquino Jr. (UP),,IMG_1323
1998-1999,Chess,Women's,Final Standings,1,UE,University of the East,38.5,,,"Castro, Mary Grace",Mary Grace Castro (UE),,IMG_1326
1998-1999,Chess,Women's,Final Standings,3,UP,University of the Philippines,,,,"Quiachon, Donna",Mary Grace Castro (UE),,IMG_1326
1998-1999,Chess,Women's,Final Standings,4,AdU,Adamson University,,,,"Atencio, Ma. Criselda",Mary Grace Castro (UE),,IMG_1326
1998-1999,Chess,Women's,Final Standings,5,FEU,Far Eastern University,,,,"San Pedro, Jocelyn",Mary Grace Castro (UE),,IMG_1326
1998-1999,Fencing,Men's,Final Standings,1,DLSU,De La Salle University,1,2,,Champion,Ramil Endriano (UP),,"IMG_1366, IMG_1367, IMG_1369"
1998-1999,Fencing,Men's,Final Standings,3,FEU,Far Eastern University,5,2,,Third place,Ramil Endriano (UP),,"IMG_1366, IMG_1367, IMG_1369"
1998-1999,Fencing,Men's,Final Standings,3,UP,University of the Philippines,2,1,,"de GUZMAN, Richard",Ramil Endriano (UP),,"IMG_1366, IMG_1367, IMG_1369"
1998-1999,Fencing,Men's,Final Standings,4,ADMU,Ateneo de Manila University,4,1,,Fourth place,Ramil Endriano (UP),,"IMG_1366, IMG_1367, IMG_1369"
1998-1999,Fencing,Men's,Final Standings,5,UE,University of the East,6,0,,Fifth place,Ramil Endriano (UP),,"IMG_1366, IMG_1367, IMG_1369"
1998-1999,Fencing,Women's,Final Standings,1,UP,University of the Philippines,,,,,,,structured/fencing/1998-1999.json
1998-1999,Fencing,Women's,Final Standings,2,ADMU,Ateneo de Manila University,,,,,,,structured/fencing/1998-1999.json
1998-1999,Fencing,Women's,Final Standings,3,UE,University of the East,,,,,,,structured/fencing/1998-1999.json
1998-1999,Football,Men's,Final Standings,1,ADMU,Ateneo de Manila University,8,1,2,Champion,Ramos V. Espejo Jr. (ADMU),Paolo Buendia (ADMU),IMG_1329
1998-1999,Football,Men's,Final Standings,2,UST,University of Santo Tomas,6,3,2,26,Ramos V. Espejo Jr. (ADMU),Paolo Buendia (ADMU),IMG_1329
1998-1999,Football,Men's,Final Standings,3,UP,University of the Philippines,5,1,4,Third place,Ramos V. Espejo Jr. (ADMU),Paolo Buendia (ADMU),IMG_1329
1998-1999,Football,Men's,Final Standings,4,DLSU,De La Salle University,4,2,4,Fourth place,Ramos V. Espejo Jr. (ADMU),Paolo Buendia (ADMU),IMG_1329
1998-1999,Football,Men's,Final Standings,5,FEU,Far Eastern University,3,2,5,Fifth place,Ramos V. Espejo Jr. (ADMU),Paolo Buendia (ADMU),IMG_1329
1998-1999,Football,Men's,Final Standings,6,UE,University of the East,0,1,9,Sixth place,Ramos V. Espejo Jr. (ADMU),Paolo Buendia (ADMU),IMG_1329
1998-1999,Football,Women's,Final Standings,1,DLSU,De La Salle University,6,3,0,Champion,Jo Anne Lobo (DLSU),Marielle Benitez (DLSU),IMG_1332
1998-1999,Football,Women's,Final Standings,2,FEU,Far Eastern University,5,1,3,12,Jo Anne Lobo (DLSU),Marielle Benitez (DLSU),IMG_1332
1998-1999,Football,Women's,Final Standings,3,UP,University of the Philippines,4,3,1,Third place,Jo Anne Lobo (DLSU),Marielle Benitez (DLSU),IMG_1332
1998-1999,Football,Women's,Final Standings,4,ADMU,Ateneo de Manila University,2,0,6,Fourth place,Jo Anne Lobo (DLSU),Marielle Benitez (DLSU),IMG_1332
1998-1999,Football,Women's,Final Standings,5,UST,University of Santo Tomas,0,1,7,Fifth place,Jo Anne Lobo (DLSU),Marielle Benitez (DLSU),IMG_1332
1998-1999,General Championship,junior,Final Standings,1,UST,University of Santo Tomas,,,97,,,,structured/overall_standings/1998-1999.json
1998-1999,General Championship,junior,Final Standings,2,DLSU,De La Salle University,,,70,,,,structured/overall_standings/1998-1999.json
1998-1999,General Championship,junior,Final Standings,3,ADMU,Ateneo de Manila University,,,69,,,,structured/overall_standings/1998-1999.json
1998-1999,General Championship,junior,Final Standings,4,AdU,Adamson University,,,67,,,,structured/overall_standings/1998-1999.json
1998-1999,General Championship,junior,Final Standings,5,UE,University of the East,,,63,,,,structured/overall_standings/1998-1999.json
1998-1999,General Championship,junior,Final Standings,6,UP,University of the Philippines,,,42,,,,structured/overall_standings/1998-1999.json
1998-1999,General Championship,junior,Final Standings,7,NU,National University,,,24,,,,structured/overall_standings/1998-1999.json
1998-1999,Judo,Men's,Final Standings,1,UST,University of Santo Tomas,,,,CHAMPION,,,structured/judo/1998-1999.json
1998-1999,Judo,Men's,Final Standings,2,UP,University of the Philippines,,,,RUNNER-UP,,,structured/judo/1998-1999.json
1998-1999,Judo,Men's,Final Standings,3,ADMU,Ateneo de Manila University,,,,THIRD PLACE,,,structured/judo/1998-1999.json
1998-1999,Judo,Men's,Final Standings,4,UE,University of the East,,,,FOURTH PLACE,,,structured/judo/1998-1999.json
1998-1999,Judo,Men's,Final Standings,5,DLSU,De La Salle University,,,,FIFTH PLACE,,,structured/judo/1998-1999.json
1998-1999,Judo,Men's,Final Standings,6,AdU,Adamson University,,,,SIXTH PLACE,,,structured/judo/1998-1999.json
1998-1999,Judo,Women's,Final Standings,1,UST,University of Santo Tomas,,,,,Rezil Rosalejos (UST),,IMG_1336
1998-1999,Judo,Women's,Final Standings,2,UP,University of the Philippines,,,,,Rezil Rosalejos (UST),,IMG_1336
1998-1999,Judo,Women's,Final Standings,3,ADMU,Ateneo de Manila University,,,,,Rezil Rosalejos (UST),,IMG_1336
1998-1999,Judo,Women's,Final Standings,4,DLSU,De La Salle University,,,,,Rezil Rosalejos (UST),,IMG_1336
1998-1999,Judo,Women's,Final Standings,5,UE,University of the East,,,,,Rezil Rosalejos (UST),,IMG_1336
1998-1999,Judo,Women's,Final Standings,6,AdU,Adamson University,,,,,Rezil Rosalejos (UST),,IMG_1336
1998-1999,Lawn Tennis,Men's,Final Standings,1,UP,University of the Philippines,10,0,,Champion,Glenn Remigio (UP),Ramon Fernandez (UST),IMG_1338
1998-1999,Lawn Tennis,Men's,Final Standings,2,UST,University of Santo Tomas,8,2,,RUNNER-UP,Glenn Remigio (UP),Ramon Fernandez (UST),IMG_1338
1998-1999,Lawn Tennis,Men's,Final Standings,3,DLSU,De La Salle University,5,5,,Third place,Glenn Remigio (UP),Ramon Fernandez (UST),IMG_1338
1998-1999,Lawn Tennis,Men's,Final Standings,4,ADMU,Ateneo de Manila University,5,5,,Fourth place,Glenn Remigio (UP),Ramon Fernandez (UST),IMG_1338
1998-1999,Lawn Tennis,Men's,Final Standings,5,AdU,Adamson University,2,8,,Fifth place,Glenn Remigio (UP),Ramon Fernandez (UST),IMG_1338
1998-1999,Lawn Tennis,Men's,Final Standings,6,UE,University of the East,0,10,,Sixth place,Glenn Remigio (UP),Ramon Fernandez (UST),IMG_1338
1998-1999,Lawn Tennis,Women's,Final Standings,1,UP,University of the Philippines,,,,,,,structured/tennis/1998-1999.json
1998-1999,Lawn Tennis,Women's,Final Standings,2,DLSU,De La Salle University,,,,,,,structured/tennis/1998-1999.json
1998-1999,Lawn Tennis,Women's,Final Standings,3,ADMU,Ateneo de Manila University,,,,,,,structured/tennis/1998-1999.json
1998-1999,Lawn Tennis,Women's,Final Standings,4,UE,University of the East,,,,,,,structured/tennis/1998-1999.json
1998-1999,Lawn Tennis,Women's,Final Standings,5,UST,University of Santo Tomas,,,,,,,structured/tennis/1998-1999.json
1998-1999,Softball,Men's,Final Standings,1,AdU,Adamson University,9,1,,0,Jenny de Jesus (AdU),Jacquelyn Repato (UST),IMG_1343
1998-1999,Softball,Men's,Final Standings,2,UST,University of Santo Tomas,7,2,,1,Jenny de Jesus (AdU),Jacquelyn Repato (UST),IMG_1343
1998-1999,Softball,Men's,Final Standings,3,UP,University of the Philippines,6,3,,1,Jenny de Jesus (AdU),Jacquelyn Repato (UST),IMG_1343
1998-1999,Softball,Men's,Final Standings,4,DLSU,De La Salle University,4,6,,0,Jenny de Jesus (AdU),Jacquelyn Repato (UST),IMG_1343
1998-1999,Softball,Men's,Final Standings,5,UE,University of the East,3,7,,0,Jenny de Jesus (AdU),Jacquelyn Repato (UST),IMG_1343
1998-1999,Softball,Men's,Final Standings,6,ADMU,Ateneo de Manila University,0,10,,0,Jenny de Jesus (AdU),Jacquelyn Repato (UST),IMG_1343
1998-1999,Swimming,Men's,Final Standings,1,UST,University of Santo Tomas,,,,182 pts.,Mikhail George O. Reyes (UST),,IMG_1385
1998-1999,Swimming,Men's,Final Standings,2,DLSU,De La Salle University,,,,95 pts.,Mikhail George O. Reyes (UST),,IMG_1385
1998-1999,Swimming,Men's,Final Standings,3,ADMU,Ateneo de Manila University,,,,101 pts.,Mikhail George O. Reyes (UST),,IMG_1385
1998-1999,Swimming,Men's,Final Standings,4,AdU,Adamson University,,,,21 pts.,Mikhail George O. Reyes (UST),,IMG_1385
1998-1999,Swimming,Men's,Final Standings,5,UP,University of the Philippines,,,,20 pts.,Mikhail George O. Reyes (UST),,IMG_1385
1998-1999,Swimming,Men's,Final Standings,6,UE,University of the East,,,,9 pts.,Mikhail George O. Reyes (UST),,IMG_1385
1998-1999,Table Tennis,Juniors,Final Standings,3,AdU,Adamson University,,,,,,,IMG_1387
1998-1999,Table Tennis,Juniors,Final Standings,4,UE,University of the East,,,,2 3 0,,,IMG_1387
1998-1999,Table Tennis,Juniors,Final Standings,5,NU,National University,,,,1 1 3,,,IMG_1387
1998-1999,Table Tennis,Juniors,Final Standings,6,UST,University of Santo Tomas,,,,1 0 3,,,IMG_1387
1998-1999,Table Tennis,Juniors,Final Standings,7,ADMU,Ateneo de Manila University,,,,1 0 3,,,IMG_1387
1998-1999,Table Tennis,Juniors,Final Standings,8,DLSU,De La Salle University,,,,1 0 3,,,IMG_1387
1998-1999,Table Tennis,Juniors,Final Standings,9,UP,University of the Philippines,,,,1 0 3,,,IMG_1387
1998-1999,Table Tennis,Men's,Final Standings,1,UP,University of the Philippines,,,,CHAMPION,,,structured/table_tennis/1998-1999.json
1998-1999,Table Tennis,Men's,Final Standings,2,DLSU,De La Salle University,,,,RUNNER-UP,,,structured/table_tennis/1998-1999.json
1998-1999,Table Tennis,Men's,Final Standings,3,UE,University of the East,,,,THIRD PLACE,,,structured/table_tennis/1998-1999.json
1998-1999,Table Tennis,Men's,Final Standings,4,UST,University of Santo Tomas,,,,FOURTH PLACE,,,structured/table_tennis/1998-1999.json
1998-1999,Table Tennis,Men's,Final Standings,5,FEU,Far Eastern University,,,,FIFTH PLACE,,,structured/table_tennis/1998-1999.json
1998-1999,Table Tennis,Men's,Final Standings,6,AdU,Adamson University,,,,SIXTH PLACE,,,structured/table_tennis/1998-1999.json
1998-1999,Table Tennis,Men's,Final Standings,7,NU,National University,,,,SEVENTH PLACE,,,structured/table_tennis/1998-1999.json
1998-1999,Table Tennis,Men's,Final Standings,8,ADMU,Ateneo de Manila University,,,,EIGHTH PLACE,,,structured/table_tennis/1998-1999.json
1998-1999,Table Tennis,Women's,Final Standings,3,UP,University of the Philippines,,,,,,,IMG_1349
1998-1999,Table Tennis,Women's,Final Standings,4,UST,University of Santo Tomas,,,,1 0,,,IMG_1349
1998-1999,Table Tennis,Women's,Final Standings,5,DLSU,De La Salle University,,,,1 2,,,IMG_1349
1998-1999,Table Tennis,Women's,Final Standings,6,FEU,Far Eastern University,,,,1 0,,,IMG_1349
1998-1999,Table Tennis,Women's,Final Standings,7,UE,University of the East,,,,1 0,,,IMG_1349
1998-1999,Table Tennis,Women's,Final Standings,8,AdU,Adamson University,,,,1 1,,,IMG_1349
1998-1999,Table Tennis,Women's,Final Standings,9,ADMU,Ateneo de Manila University,,,,1 0,,,IMG_1349
1998-1999,Table Tennis,Women's,Final Standings,10,NU,National University,,,,1 0,,,IMG_1349
1998-1999,Tae Kwon Do,Men's,Final Standings,1,DLSU,De La Salle University,6,1,,7 - 0,Dax Alberto L. Morfe (DLSU),,"IMG_1350, IMG_1352"
1998-1999,Tae Kwon Do,Men's,Final Standings,2,UST,University of Santo Tomas,5,1,,7 - 0,Dax Alberto L. Morfe (DLSU),,"IMG_1350, IMG_1352"
1998-1999,Tae Kwon Do,Men's,Final Standings,3,UP,University of the Philippines,4,2,,7 - 0,Dax Alberto L. Morfe (DLSU),,"IMG_1350, IMG_1352"
1998-1999,Tae Kwon Do,Men's,Final Standings,4,UE,University of the East,3,3,,5 - 2,Dax Alberto L. Morfe (DLSU),,"IMG_1350, IMG_1352"
1998-1999,Tae Kwon Do,Men's,Final Standings,5,ADMU,Ateneo de Manila University,2,5,,^,Dax Alberto L. Morfe (DLSU),,"IMG_1350, IMG_1352"
1998-1999,Tae Kwon Do,Men's,Final Standings,6,FEU,Far Eastern University,1,5,,3 - 4,Dax Alberto L. Morfe (DLSU),,"IMG_1350, IMG_1352"
1998-1999,Tae Kwon Do,Men's,Final Standings,7,AdU,Adamson University,0,7,,4 - 3,Dax Alberto L. Morfe (DLSU),,"IMG_1350, IMG_1352"
1998-1999,Tae Kwon Do,Women's,Final Standings,1,DLSU,De La Salle University,6,0,,Champion,,,"IMG_1353, IMG_1355"
1998-1999,Tae Kwon Do,Women's,Final Standings,2,UST,University of Santo Tomas,5,1,,5 - 2,,,"IMG_1353, IMG_1355"
1998-1999,Tae Kwon Do,Women's,Final Standings,3,ADMU,Ateneo de Manila University,3,3,,Third place,,,"IMG_1353, IMG_1355"
1998-1999,Tae Kwon Do,Women's,Final Standings,4,UP,University of the Philippines,3,3,,Fourth place,,,"IMG_1353, IMG_1355"
1998-1999,Tae Kwon Do,Women's,Final Standings,5,UE,University of the East,2,4,,Fifth place,,,"IMG_1353, IMG_1355"
1998-1999,Tae Kwon Do,Women's,Final Standings,6,FEU,Far Eastern University,2,4,,Sixth place,,,"IMG_1353, IMG_1355"
1998-1999,Tae Kwon Do,Women's,Final Standings,7,AdU,Adamson University,0,7,,Seventh place,,,"IMG_1353, IMG_1355"
1998-1999,Track and Field,Juniors,Final Standings,1,AdU,Adamson University,,,,Champion,Vladimir Valdepeñas (ADMU),,IMG_1378
1998-1999,Track and Field,Juniors,Final Standings,2,ADMU,Ateneo de Manila University,,,,RUNNER-UP,Vladimir Valdepeñas (ADMU),,IMG_1378
1998-1999,Track and Field,Juniors,Final Standings,3,UST,University of Santo Tomas,,,,Third place,Vladimir Valdepeñas (ADMU),,IMG_1378
1998-1999,Track and Field,Juniors,Final Standings,4,DLSU,De La Salle University,,,,Fourth place,Vladimir Valdepeñas (ADMU),,IMG_1378
1998-1999,Track and Field,Juniors,Final Standings,5,UP,University of the Philippines,,,,Fifth place,Vladimir Valdepeñas (ADMU),,IMG_1378
1998-1999,Track and Field,Juniors,Final Standings,6,UE,University of the East,,,,Sixth place,Vladimir Valdepeñas (ADMU),,IMG_1378
1998-1999,Volleyball,Boys,Final Standings,1,DLSZ,De La Salle Santiago Zobel School,10,0,,,Anthony Zara (DLS (Z)),,IMG_1388
1998-1999,Volleyball,Boys,Final Standings,2,UST,University of Santo Tomas,7,3,,,Anthony Zara (DLS (Z)),,IMG_1388
1998-1999,Volleyball,Boys,Final Standings,3,ADMU,Ateneo de Manila University,6,4,,,Anthony Zara (DLS (Z)),,IMG_1388
1998-1999,Volleyball,Boys,Final Standings,4,UE,University of the East,5,5,,,Anthony Zara (DLS (Z)),,IMG_1388
1998-1999,Volleyball,Boys,Final Standings,5,UP,University of the Philippines,2,8,,,Anthony Zara (DLS (Z)),,IMG_1388
1998-1999,Volleyball,Boys,Final Standings,6,NU,National University,0,10,,,Anthony Zara (DLS (Z)),,IMG_1388
1998-1999,Volleyball,Girls,Final Standings,1,DLSZ,De La Salle Santiago Zobel School,8,0,,,Hollie Reyes (DLS (Z)),,IMG_1391
1998-1999,Volleyball,Girls,Final Standings,2,UST,University of Santo Tomas,6,2,,,Hollie Reyes (DLS (Z)),,IMG_1391
1998-1999,Volleyball,Girls,Final Standings,3,UE,University of the East,4,4,,,Hollie Reyes (DLS (Z)),,IMG_1391
1998-1999,Volleyball,Girls,Final Standings,4,NU,National University,1,7,,,Hollie Reyes (DLS (Z)),,IMG_1391
1998-1999,Volleyball,Girls,Final Standings,5,UP,University of the Philippines,1,7,,,Hollie Reyes (DLS (Z)),,IMG_1391
1998-1999,Volleyball,Juniors,Final Standings,1,DLSU,De La Salle University,10,0,,,,,structured/volleyball/1998-1999.json
1998-1999,Volleyball,Juniors,Final Standings,2,UST,University of Santo Tomas,7,3,,,,,structured/volleyball/1998-1999.json
1998-1999,Volleyball,Juniors,Final Standings,3,ADMU,Ateneo de Manila University,6,4,,,,,structured/volleyball/1998-1999.json
1998-1999,Volleyball,Juniors,Final Standings,4,UE,University of the East,5,5,,,,,structured/volleyball/1998-1999.json
1998-1999,Volleyball,Juniors,Final Standings,5,UP,University of the Philippines,2,8,,,,,structured/volleyball/1998-1999.json
1998-1999,Volleyball,Juniors,Final Standings,6,NU,National University,0,10,,,,,structured/volleyball/1998-1999.json
1998-1999,Volleyball,Men's,Final Standings,1,UST,University of Santo Tomas,13,1,,,Oliver John Manlapaz (UST),,IMG_1356
1998-1999,Volleyball,Men's,Final Standings,2,FEU,Far Eastern University,11,3,,,Oliver John Manlapaz (UST),,IMG_1356
1998-1999,Volleyball,Men's,Final Standings,3,DLSU,De La Salle University,11,3,,,Oliver John Manlapaz (UST),,IMG_1356
1998-1999,Volleyball,Men's,Final Standings,4,NU,National University,8,6,,,Oliver John Manlapaz (UST),,IMG_1356
1998-1999,Volleyball,Men's,Final Standings,5,AdU,Adamson University,5,9,,,Oliver John Manlapaz (UST),,IMG_1356
1998-1999,Volleyball,Men's,Final Standings,6,UP,University of the Philippines,4,10,,,Oliver John Manlapaz (UST),,IMG_1356
1998-1999,Volleyball,Men's,Final Standings,7,UE,University of the East,4,10,,,Oliver John Manlapaz (UST),,IMG_1356
1998-1999,Volleyball,Men's,Final Standings,8,ADMU,Ateneo de Manila University,0,14,,,Oliver John Manlapaz (UST),,IMG_1356
1998-1999,Volleyball,Women's,Final Standings,1,FEU,Far Eastern University,11,3,,,Precilla Delos Angeles (FEU),,IMG_1361
1998-1999,Volleyball,Women's,Final Standings,2,DLSU,De La Salle University,10,4,,,Precilla Delos Angeles (FEU),,IMG_1361
1998-1999,Volleyball,Women's,Final Standings,3,UE,University of the East,10,4,,,Precilla Delos Angeles (FEU),,IMG_1361
1998-1999,Volleyball,Women's,Final Standings,4,UST,University of Santo Tomas,10,4,,,Precilla Delos Angeles (FEU),,IMG_1361
1998-1999,Volleyball,Women's,Final Standings,5,UP,University of the Philippines,9,5,,,Precilla Delos Angeles (FEU),,IMG_1361
1998-1999,Volleyball,Women's,Final Standings,6,AdU,Adamson University,4,10,,,Precilla Delos Angeles (FEU),,IMG_1361
1998-1999,Volleyball,Women's,Final Standings,7,NU,National University,2,12,,,Precilla Delos Angeles (FEU),,IMG_1361
1998-1999,Volleyball,Women's,Final Standings,8,ADMU,Ateneo de Manila University,0,14,,,Precilla Delos Angeles (FEU),,IMG_1361
1989-1990,Baseball,Men's,Final Standings,1,AdU,Adamson University,5,0,0,10,,,"IMG_0873, IMG_0874"
1989-1990,Baseball,Men's,Final Standings,2,UST,University of Santo Tomas,3,0,2,6,,,"IMG_0873, IMG_0874"
1989-1990,Baseball,Men's,Final Standings,3,UP,University of the Philippines,2,1,2,5,,,"IMG_0873, IMG_0874"
1989-1990,Baseball,Men's,Final Standings,4,NU,National University,2,0,3,4,,,"IMG_0873, IMG_0874"
1989-1990,Baseball,Men's,Final Standings,5,ADMU,Ateneo de Manila University,1,1,3,3,,,"IMG_0873, IMG_0874"
1989-1990,Baseball,Men's,Final Standings,6,DLSU,De La Salle University,1,0,4,2,,,"IMG_0873, IMG_0874"
1989-1990,Basketball,Boys,Final Standings,2,DLSU,De La Salle University,,,,Runner-up,,,IMG_0866
1989-1990,Basketball,Boys,Final Standings,3,FEU,Far Eastern University,,,,Third place,,,IMG_0866
1989-1990,Basketball,Boys,Final Standings,4,NU,National University,,,,Fourth place,,,IMG_0866
1989-1990,Basketball,Boys,Final Standings,5,ADMU,Ateneo de Manila University,,,,Fifth place,,,IMG_0866
1989-1990,Basketball,Boys,Final Standings,7,UP,University of the Philippines,,,,Seventh place,,,IMG_0866
1989-1990,Basketball,Juniors,Final Standings,1,UST,University of Santo Tomas,,,,,,,structured/basketball/1989-1990.json
1989-1990,Basketball,Juniors,Final Standings,2,FEU,Far Eastern University,,,,,,,structured/basketball/1989-1990.json
1989-1990,Basketball,Juniors,Final Standings,3,DLSU,De La Salle University,,,,,,,structured/basketball/1989-1990.json
1989-1990,Basketball,Juniors,Final Standings,4,UE,University of the East,,,,,,,structured/basketball/1989-1990.json
1989-1990,Basketball,Juniors,Final Standings,5,UP,University of the Philippines,,,,,,,structured/basketball/1989-1990.json
1989-1990,Basketball,Juniors,Final Standings,6,AdU,Adamson University,,,,,,,structured/basketball/1989-1990.json
1989-1990,Basketball,Men's,Final Standings,1,UP,University of the Philippines,17,23,,d.,,,"IMG_0864, IMG_0865, IMG_0867"
1989-1990,Basketball,Men's,Final Standings,1,DLSU,De La Salle University,16,15,,d.,,,"IMG_0864, IMG_0865, IMG_0867"
1989-1990,Basketball,Men's,Final Standings,2,FEU,Far Eastern University,35,23,,d.,,,"IMG_0864, IMG_0865, IMG_0867"
1989-1990,Basketball,Men's,Final Standings,3,UST,University of Santo Tomas,35,24,,d.,,,"IMG_0864, IMG_0865, IMG_0867"
1989-1990,Basketball,Men's,Final Standings,4,UE,University of the East,,,,10 : 4,,,"IMG_0864, IMG_0865, IMG_0867"
1989-1990,Basketball,Men's,Final Standings,6,ADMU,Ateneo de Manila University,,,,7 : 7,,,"IMG_0864, IMG_0865, IMG_0867"
1989-1990,Basketball,Men's,Final Standings,7,AdU,Adamson University,,,,5 : 9,,,"IMG_0864, IMG_0865, IMG_0867"
1989-1990,Basketball,Men's,Final Standings,9,NU,National University,,,,1 : 13,,,"IMG_0864, IMG_0865, IMG_0867"
1989-1990,Chess,Men's,Final Standings,1,AdU,Adamson University,,,,Board # 1,,,"IMG_0877, IMG_0878"
1989-1990,Chess,Men's,Final Standings,2,ADMU,Ateneo de Manila University,4,0,,4 - 0,,,"IMG_0877, IMG_0878"
1989-1990,Chess,Men's,Final Standings,3,DLSU,De La Salle University,3,1,,Board # 5,,,"IMG_0877, IMG_0878"
1989-1990,Chess,Men's,Final Standings,3,NU,National University,,,,Board # 3,,,"IMG_0877, IMG_0878"
1989-1990,Chess,Men's,Final Standings,4,FEU,Far Eastern University,3,1,,Board # 2,,,"IMG_0877, IMG_0878"
1989-1990,Chess,Men's,Final Standings,4,UST,University of Santo Tomas,3,1,,2.5 - 1.5,,,"IMG_0877, IMG_0878"
1989-1990,Chess,Men's,Final Standings,4,UE,University of the East,,,,3.5 - .5,,,"IMG_0877, IMG_0878"
1989-1990,Chess,Men's,Final Standings,4,UP,University of the Philippines,,,,4 - 0,,,"IMG_0877, IMG_0878"
1989-1990,Football,Men's,Final Standings,1,UP,University of the Philippines,9,12,,21,,,IMG_0876
1989-1990,Football,Men's,Final Standings,2,ADMU,Ateneo de Manila University,9,10,,19,,,IMG_0876
1989-1990,Football,Men's,Final Standings,3,DLSU,De La Salle University,10,7,,17,,,IMG_0876
1989-1990,Football,Men's,Final Standings,4,UST,University of Santo Tomas,6,10,,16,,,IMG_0876
1989-1990,Football,Men's,Final Standings,5,FEU,Far Eastern University,6,4,,10,,,IMG_0876
1989-1990,Football,Men's,Final Standings,6,UE,University of the East,2,2,,4,,,IMG_0876
1989-1990,Football,Men's,Final Standings,7,AdU,Adamson University,0,1,,1,,,IMG_0876
1989-1990,General Championship,Collegiate,Final Standings,1,UST,University of Santo Tomas,,,113,,,,structured/overall_standings/1989-1990.json
1989-1990,General Championship,Collegiate,Final Standings,2,FEU,Far Eastern University,,,101,,,,structured/overall_standings/1989-1990.json
1989-1990,General Championship,Collegiate,Final Standings,3,AdU,Adamson University,,,86,,,,structured/overall_standings/1989-1990.json
1989-1990,General Championship,Collegiate,Final Standings,4,UP,University of the Philippines,,,86,,,,structured/overall_standings/1989-1990.json
1989-1990,General Championship,Collegiate,Final Standings,5,DLSU,De La Salle University,,,80,,,,structured/overall_standings/1989-1990.json
1989-1990,General Championship,Collegiate,Final Standings,6,UE,University of the East,,,44,,,,structured/overall_standings/1989-1990.json
1989-1990,General Championship,Collegiate,Final Standings,7,ADMU,Ateneo de Manila University,,,34,,,,structured/overall_standings/1989-1990.json
1989-1990,General Championship,Collegiate,Final Standings,8,NU,National University,,,30,,,,structured/overall_standings/1989-1990.json
1989-1990,Lawn Tennis,Men's,Final Standings,1,UP,University of the Philippines,3,5,,8,,,IMG_0881
1989-1990,Lawn Tennis,Men's,Final Standings,2,DLSU,De La Salle University,3,4,,7,,,IMG_0881
1989-1990,Lawn Tennis,Men's,Final Standings,3,UST,University of Santo Tomas,3,1,,4,,,IMG_0881
1989-1990,Lawn Tennis,Men's,Final Standings,4,AdU,Adamson University,1,2,,3,,,IMG_0881
1989-1990,Lawn Tennis,Men's,Final Standings,5,ADMU,Ateneo de Manila University,0,0,,0,,,IMG_0881
1989-1990,Swimming,Boys,Final Standings,1,UST,University of Santo Tomas,,,,Champion,,,IMG_0889
1989-1990,Swimming,Boys,Final Standings,3,UP,University of the Philippines,,,,Third place,,,IMG_0889
1989-1990,Swimming,Boys,Final Standings,4,FEU,Far Eastern University,,,,Fourth place,,,IMG_0889
1989-1990,Swimming,Men's,Final Standings,1,NU,National University,,8,,0,,,"IMG_0888, IMG_0889"
1989-1990,Swimming,Men's,Final Standings,1,UST,University of Santo Tomas,,3,,Champion,,,"IMG_0888, IMG_0889"
1989-1990,Swimming,Men's,Final Standings,3,UP,University of the Philippines,,,,Third place,,,"IMG_0888, IMG_0889"
1989-1990,Swimming,Men's,Final Standings,4,ADMU,Ateneo de Manila University,,6,,Fourth place,,,"IMG_0888, IMG_0889"
1989-1990,Swimming,Men's,Final Standings,5,AdU,Adamson University,,3,,Fifth place,,,"IMG_0888, IMG_0889"
1989-1990,Swimming,Men's,Final Standings,5,DLSU,De La Salle University,,0,,8,,,"IMG_0888, IMG_0889"
1989-1990,Swimming,Men's,Final Standings,6,FEU,Far Eastern University,,,,Sixth place,,,"IMG_0888, IMG_0889"
1989-1990,Swimming,Women's,Final Standings,1,UST,University of Santo Tomas,,,,Champion,,,"IMG_0888, IMG_0889"
1989-1990,Swimming,Women's,Final Standings,3,DLSU,De La Salle University,,,,Third place,,,"IMG_0888, IMG_0889"
1989-1990,Swimming,Women's,Final Standings,3,UP,University of the Philippines,,,,Dixie Aquino,,,"IMG_0888, IMG_0889"
1989-1990,Swimming,Women's,Final Standings,4,ADMU,Ateneo de Manila University,,,,Fourth place,,,"IMG_0888, IMG_0889"
1989-1990,Swimming,Women's,Final Standings,6,FEU,Far Eastern University,,,,Ma. Adrina Zamora,,,"IMG_0888, IMG_0889"
1989-1990,Table Tennis,Men's,Final Standings,1,AdU,Adamson University,11,1,,,,,IMG_0884
1989-1990,Table Tennis,Men's,Final Standings,2,UST,University of Santo Tomas,11,1,,,,,IMG_0884
1989-1990,Table Tennis,Men's,Final Standings,3,NU,National University,7,5,,,,,IMG_0884
1989-1990,Table Tennis,Men's,Final Standings,4,FEU,Far Eastern University,6,6,,,,,IMG_0884
1989-1990,Table Tennis,Men's,Final Standings,5,DLSU,De La Salle University,3,9,,,,,IMG_0884
1989-1990,Table Tennis,Men's,Final Standings,6,UP,University of the Philippines,3,9,,,,,IMG_0884
1989-1990,Table Tennis,Men's,Final Standings,7,ADMU,Ateneo de Manila University,1,11,,,,,IMG_0884
1989-1990,Volleyball,Men's,Final Standings,1,AdU,Adamson University,14,0,,,,,IMG_0868
1989-1990,Volleyball,Men's,Final Standings,2,ADMU,Ateneo de Manila University,11,3,,,,,IMG_0868
1989-1990,Volleyball,Men's,Final Standings,3,UST,University of Santo Tomas,11,3,,,,,IMG_0868
1989-1990,Volleyball,Men's,Final Standings,4,FEU,Far Eastern University,7,7,,,,,IMG_0868
1989-1990,Volleyball,Men's,Final Standings,5,UE,University of the East,5,9,,,,,IMG_0868
1989-1990,Volleyball,Men's,Final Standings,6,NU,National University,4,10,,,,,IMG_0868
1989-1990,Volleyball,Men's,Final Standings,7,UP,University of the Philippines,2,12,,,,,IMG_0868
1989-1990,Volleyball,Men's,Final Standings,8,DLSU,De La Salle University,2,12,,,,,IMG_0868
1989-1990,Volleyball,Women's,Final Standings,1,FEU,Far Eastern University,,,,,,,IMG_0871
1989-1990,Volleyball,Women's,Final Standings,2,UST,University of Santo Tomas,,,,,,,IMG_0871
1989-1990,Volleyball,Women's,Final Standings,3,AdU,Adamson University,,,,,,,IMG_0871
1989-1990,Volleyball,Women's,Final Standings,4,UE,University of the East,,,,,,,IMG_0871
1989-1990,Volleyball,Women's,Final Standings,5,UP,University of the Philippines,,,,,,,IMG_0871
1989-1990,Volleyball,Women's,Final Standings,6,DLSU,De La Salle University,,,,,,,IMG_0871
1989-1990,Volleyball,Women's,Final Standings,7,ADMU,Ateneo de Manila University,,,,,,,IMG_0871
1989-1990,Volleyball,Women's,Final Standings,8,NU,National University,,,,,,,IMG_0871
1988-1989,Baseball,Men's,Final Standings,1,UP,University of the Philippines,,,,DATE,,,IMG_0849
1988-1989,Baseball,Men's,Final Standings,2,DLSU,De La Salle University,,,,"November 30, 1988",,,IMG_0849
1988-1989,Baseball,Men's,Final Standings,3,ADMU,Ateneo de Manila University,,,,"December 04, 1988",,,IMG_0849
1988-1989,Basketball,Juniors,Final Standings,1,AdU,Adamson University,,,,Basketball,,,book
1988-1989,Basketball,Juniors,Final Standings,2,FEU,Far Eastern University,,,,Chess,,,book
1988-1989,Basketball,Juniors,Final Standings,3,UST,University of Santo Tomas,,,,Swimming,,,book
1988-1989,Basketball,Juniors,Final Standings,4,ADMU,Ateneo de Manila University,,,,Track and Field,,,book
1988-1989,Basketball,Men's,Final Standings,1,ADMU,Ateneo de Manila University,,,,,,,structured/basketball/1988-1989.json
1988-1989,Basketball,Men's,Final Standings,2,DLSU,De La Salle University,,,,,,,structured/basketball/1988-1989.json
1988-1989,Basketball,Men's,Final Standings,3,UP,University of the Philippines,,,,,,,structured/basketball/1988-1989.json
1988-1989,Basketball,Men's,Final Standings,4,AdU,Adamson University,,,,,,,structured/basketball/1988-1989.json
1988-1989,Basketball,Men's,Final Standings,5,UE,University of the East,,,,,,,structured/basketball/1988-1989.json
1988-1989,Basketball,Men's,Final Standings,6,FEU,Far Eastern University,,,,,,,structured/basketball/1988-1989.json
1988-1989,Basketball,Men's,Final Standings,7,UST,University of Santo Tomas,,,,,,,structured/basketball/1988-1989.json
1988-1989,Basketball,Men's,Final Standings,8,NU,National University,,,,,,,structured/basketball/1988-1989.json
1988-1989,Basketball,Women's,Final Standings,1,UST,University of Santo Tomas,,,,,,,structured/basketball/1988-1989.json
1988-1989,Basketball,Women's,Final Standings,2,AdU,Adamson University,,,,,,,structured/basketball/1988-1989.json
1988-1989,Basketball,Women's,Final Standings,3,UP,University of the Philippines,,,,,,,structured/basketball/1988-1989.json
1988-1989,Basketball,Women's,Final Standings,4,DLSU,De La Salle University,,,,,,,structured/basketball/1988-1989.json
1988-1989,Basketball,Women's,Final Standings,5,FEU,Far Eastern University,,,,,,,structured/basketball/1988-1989.json
1988-1989,Basketball,Women's,Final Standings,6,UE,University of the East,,,,,,,structured/basketball/1988-1989.json
1988-1989,Basketball,Women's,Final Standings,7,ADMU,Ateneo de Manila University,,,,,,,structured/basketball/1988-1989.json
1988-1989,Chess,Juniors,Final Standings,1,AdU,Adamson University,,,9,Vince Alaan,,,IMG_0851
1988-1989,Chess,Juniors,Final Standings,1,FEU,Far Eastern University,,,7,Nelson Mariano II,,,IMG_0851
1988-1989,Chess,Juniors,Final Standings,2,ADMU,Ateneo de Manila University,,,,,,,IMG_0851
1988-1989,Chess,Juniors,Final Standings,3,NU,National University,,,10,David Ravara,,,IMG_0851
1988-1989,Chess,Juniors,Final Standings,3,UST,University of Santo Tomas,,,,,,,IMG_0851
1988-1989,Football,Men's,Final Standings,1,UST,University of Santo Tomas,8,3,,0,,,IMG_0857
1988-1989,Football,Men's,Final Standings,2,DLSU,De La Salle University,3,5,,2,,,IMG_0857
1988-1989,Football,Men's,Final Standings,3,ADMU,Ateneo de Manila University,3,4,,3,,,IMG_0857
1988-1989,Football,Men's,Final Standings,4,FEU,Far Eastern University,3,4,,3,,,IMG_0857
1988-1989,Football,Men's,Final Standings,5,UP,University of the Philippines,3,3,,4,,,IMG_0857
1988-1989,Football,Men's,Final Standings,6,UE,University of the East,1,0,,9,,,IMG_0857
1988-1989,General Championship,Collegiate,Final Standings,2,UST,University of Santo Tomas,,,105,1,,,IMG_0793
1988-1989,General Championship,Collegiate,Final Standings,3,FEU,Far Eastern University,,,79,2,,,IMG_0793
1988-1989,General Championship,Collegiate,Final Standings,4,AdU,Adamson University,,,60,5,,,IMG_0793
1988-1989,General Championship,Collegiate,Final Standings,5,UP,University of the Philippines,,,59,7,,,IMG_0793
1988-1989,General Championship,Collegiate,Final Standings,6,DLSU,De La Salle University,,,58.5,10,,,IMG_0793
1988-1989,General Championship,Collegiate,Final Standings,7,ADMU,Ateneo de Manila University,,,33.5,15,,,IMG_0793
1988-1989,General Championship,Collegiate,Final Standings,8,NU,National University,,,21,-,,,IMG_0793
1988-1989,General Championship,Collegiate,Final Standings,9,UE,University of the East,,,12,3,,,IMG_0793
1988-1989,General Championship,junior,Final Standings,1,ADMU,Ateneo de Manila University,,,35,,,,structured/overall_standings/1988-1989.json
1988-1989,General Championship,junior,Final Standings,2,UST,University of Santo Tomas,,,31,,,,structured/overall_standings/1988-1989.json
1988-1989,General Championship,junior,Final Standings,3,FEU,Far Eastern University,,,19,,,,structured/overall_standings/1988-1989.json
1988-1989,General Championship,junior,Final Standings,4,AdU,Adamson University,,,18,,,,structured/overall_standings/1988-1989.json
1988-1989,General Championship,junior,Final Standings,5,UP,University of the Philippines,,,15,,,,structured/overall_standings/1988-1989.json
1988-1989,General Championship,junior,Final Standings,6,DLSU,De La Salle University,,,12,,,,structured/overall_standings/1988-1989.json
1988-1989,General Championship,junior,Final Standings,7,NU,National University,,,8,,,,structured/overall_standings/1988-1989.json
1988-1989,General Championship,junior,Final Standings,8,UE,University of the East,,,3,,,,structured/overall_standings/1988-1989.json
1988-1989,General Championship,Juniors,Final Standings,1,ADMU,Ateneo de Manila University,,,35,5,,,IMG_0793
1988-1989,General Championship,Juniors,Final Standings,2,UST,University of Santo Tomas,,,31,10,,,IMG_0793
1988-1989,General Championship,Juniors,Final Standings,3,FEU,Far Eastern University,,,19,7,,,IMG_0793
1988-1989,General Championship,Juniors,Final Standings,4,AdU,Adamson University,,,18,15,,,IMG_0793
1988-1989,General Championship,Juniors,Final Standings,5,UP,University of the Philippines,,,15,2,,,IMG_0793
1988-1989,General Championship,Juniors,Final Standings,6,DLSU,De La Salle University,,,12,1,,,IMG_0793
1988-1989,General Championship,Juniors,Final Standings,7,NU,National University,,,8,-,,,IMG_0793
1988-1989,General Championship,Juniors,Final Standings,8,UE,University of the East,,,3,3,,,IMG_0793
1988-1989,Lawn Tennis,Men's,Final Standings,1,DLSU,De La Salle University,,,,,,,structured/tennis/1988-1989.json
1988-1989,Lawn Tennis,Men's,Final Standings,2,ADMU,Ateneo de Manila University,,,,,,,structured/tennis/1988-1989.json
1988-1989,Lawn Tennis,Men's,Final Standings,3,AdU,Adamson University,,,,,,,structured/tennis/1988-1989.json
1988-1989,Lawn Tennis,Men's,Final Standings,4,UE,University of the East,,,,,,,structured/tennis/1988-1989.json
1988-1989,Lawn Tennis,Men's,Final Standings,5,UST,University of Santo Tomas,,,,,,,structured/tennis/1988-1989.json
1988-1989,Table Tennis,Juniors,Final Standings,1,ADMU,Ateneo de Manila University,3,0,,Track and Field,,,"IMG_0791, IMG_0853, IMG_0854"
1988-1989,Table Tennis,Juniors,Final Standings,1,AdU,Adamson University,,,,Basketball,,,"IMG_0791, IMG_0853, IMG_0854"
1988-1989,Table Tennis,Juniors,Final Standings,2,UST,University of Santo Tomas,3,1,,Swimming,,,"IMG_0791, IMG_0853, IMG_0854"
1988-1989,Table Tennis,Juniors,Final Standings,2,FEU,Far Eastern University,,,,Chess,,,"IMG_0791, IMG_0853, IMG_0854"
1988-1989,Table Tennis,Juniors,Final Standings,2,NU,National University,,,,,,,"IMG_0791, IMG_0853, IMG_0854"
1988-1989,Table Tennis,Juniors,Final Standings,3,UP,University of the Philippines,3,0,,,,,"IMG_0791, IMG_0853, IMG_0854"
1988-1989,Table Tennis,Juniors,Final Standings,5,DLSU,De La Salle University,0,3,,,,,"IMG_0791, IMG_0853, IMG_0854"
1988-1989,Table Tennis,Men's,Final Standings,1,UST,University of Santo Tomas,,,,CHAMPION,,,structured/table_tennis/1988-1989.json
1988-1989,Table Tennis,Men's,Final Standings,2,AdU,Adamson University,,,,Runner-up,,,structured/table_tennis/1988-1989.json
1988-1989,Table Tennis,Men's,Final Standings,3,NU,National University,,,,Third Place,,,structured/table_tennis/1988-1989.json
1988-1989,Table Tennis,Men's,Final Standings,4,FEU,Far Eastern University,,,,Fourth Place,,,structured/table_tennis/1988-1989.json
1988-1989,Table Tennis,Men's,Final Standings,5,DLSU,De La Salle University,,,,Fifth Place,,,structured/table_tennis/1988-1989.json
1988-1989,Table Tennis,Men's,Final Standings,6,UP,University of the Philippines,,,,Sixth Place,,,structured/table_tennis/1988-1989.json
1988-1989,Table Tennis,Men's,Final Standings,7,ADMU,Ateneo de Manila University,,,,Seventh Place,,,structured/table_tennis/1988-1989.json
1988-1989,Table Tennis,Women's,Final Standings,1,FEU,Far Eastern University,,,,,,,IMG_0853
1988-1989,Table Tennis,Women's,Final Standings,2,UST,University of Santo Tomas,,,,,,,IMG_0853
1988-1989,Table Tennis,Women's,Final Standings,3,DLSU,De La Salle University,,,,,,,IMG_0853
1988-1989,Table Tennis,Women's,Final Standings,4,NU,National University,,,,,,,IMG_0853
1988-1989,Table Tennis,Women's,Final Standings,5,ADMU,Ateneo de Manila University,,,,,,,IMG_0853
1988-1989,Table Tennis,Women's,Final Standings,6,UP,University of the Philippines,,,,,,,IMG_0853
1988-1989,Table Tennis,Women's,Final Standings,7,AdU,Adamson University,,,,,,,IMG_0853
1988-1989,Tae Kwon Do,Men's,Final Standings,1,FEU,Far Eastern University,,,,Champion,,,IMG_0859
1988-1989,Tae Kwon Do,Men's,Final Standings,2,DLSU,De La Salle University,,,,Runner-Up,,,IMG_0859
1988-1989,Tae Kwon Do,Men's,Final Standings,3,ADMU,Ateneo de Manila University,,,,Third place,,,IMG_0859
1988-1989,Tae Kwon Do,Men's,Final Standings,4,UST,University of Santo Tomas,,,,Fourth place,,,IMG_0859
1988-1989,Tae Kwon Do,Men's,Final Standings,5,UP,University of the Philippines,,,,Fifth place,,,IMG_0859
1988-1989,Tae Kwon Do,Men's,Final Standings,6,UE,University of the East,,,,Sixth place,,,IMG_0859
1988-1989,Tae Kwon Do,Men's,Final Standings,7,NU,National University,,,,Seventh place,,,IMG_0859
1988-1989,Tae Kwon Do,Men's,Final Standings,8,AdU,Adamson University,,,,Eighth place,,,IMG_0859
1988-1989,Volleyball,Juniors,Final Standings,1,AdU,Adamson University,,,,Basketball,,,book
1988-1989,Volleyball,Juniors,Final Standings,2,FEU,Far Eastern University,,,,Chess,,,book
1988-1989,Volleyball,Juniors,Final Standings,3,UST,University of Santo Tomas,,,,Swimming,,,book
1988-1989,Volleyball,Juniors,Final Standings,4,ADMU,Ateneo de Manila University,,,,Track and Field,,,book
1988-1989,Volleyball,Women's,Final Standings,1,FEU,Far Eastern University,14,0,,Champion,,,structured/volleyball/1988-1989.json
1988-1989,Volleyball,Women's,Final Standings,2,UST,University of Santo Tomas,12,2,,Runner-Up,,,structured/volleyball/1988-1989.json
1988-1989,Volleyball,Women's,Final Standings,3,UP,University of the Philippines,10,4,,Third Place,,,structured/volleyball/1988-1989.json
1988-1989,Volleyball,Women's,Final Standings,4,AdU,Adamson University,8,6,,Fourth Place,,,structured/volleyball/1988-1989.json
1988-1989,Volleyball,Women's,Final Standings,5,UE,University of the East,5,9,,Fifth Place,,,structured/volleyball/1988-1989.json
1988-1989,Volleyball,Women's,Final Standings,6,NU,National University,4,10,,Sixth Place,,,structured/volleyball/1988-1989.json
1988-1989,Volleyball,Women's,Final Standings,7,DLSU,De La Salle University,2,12,,Seventh Place,,,structured/volleyball/1988-1989.json
1988-1989,Volleyball,Women's,Final Standings,8,ADMU,Ateneo de Manila University,1,13,,Eight Place,,,structured/volleyball/1988-1989.json
1987-1988,Baseball,Men's,Final Standings,1,AdU,Adamson University,8,1,,CHAMPION,,,structured/baseball/1987-1988.json
1987-1988,Baseball,Men's,Final Standings,3,UP,University of the Philippines,7,3,,3rd Place,,,structured/baseball/1987-1988.json
1987-1988,Baseball,Men's,Final Standings,4,NU,National University,5,5,,4th Place,,,structured/baseball/1987-1988.json
1987-1988,Baseball,Men's,Final Standings,5,ADMU,Ateneo de Manila University,2,8,,5th Place,,,structured/baseball/1987-1988.json
1987-1988,Baseball,Men's,Final Standings,6,DLSU,De La Salle University,0,10,,6th Place,,,structured/baseball/1987-1988.json
1987-1988,Basketball,Boys,Final Standings,1,FEU,Far Eastern University,13,2,,Champion,,,IMG_0899
1987-1988,Basketball,Boys,Final Standings,2,AdU,Adamson University,12,3,,Runner-Up,,,IMG_0899
1987-1988,Basketball,Boys,Final Standings,3,ADMU,Ateneo de Manila University,10,4,,Third place,,,IMG_0899
1987-1988,Basketball,Boys,Final Standings,4,UST,University of Santo Tomas,9,5,,Fourth place,,,IMG_0899
1987-1988,Basketball,Boys,Final Standings,5,DLSU,De La Salle University,6,8,,Fifth place,,,IMG_0899
1987-1988,Basketball,Boys,Final Standings,6,NU,National University,4,10,,Sixth place,,,IMG_0899
1987-1988,Basketball,Boys,Final Standings,7,UP,University of the Philippines,2,12,,Seventh place,,,IMG_0899
1987-1988,Basketball,Boys,Final Standings,8,UE,University of the East,1,13,,,,,IMG_0899
1987-1988,Basketball,Juniors,Final Standings,2,FEU,Far Eastern University,,,,BASKETBALL,,,book
1987-1988,Basketball,Juniors,Final Standings,3,UST,University of Santo Tomas,,,,CHESS,,,book
1987-1988,Basketball,Juniors,Final Standings,4,DLSU,De La Salle University,,,,SWIMMING,,,book
1987-1988,Basketball,Juniors,Final Standings,5,ADMU,Ateneo de Manila University,,,,TRACK & FIELD,,,book
1987-1988,Basketball,Juniors,Final Standings,6,NU,National University,,,,TABLE TENNIS,,,book
1987-1988,Basketball,Men's,Final Standings,1,ADMU,Ateneo de Manila University,14,1,,,,,structured/basketball/1987-1988.json
1987-1988,Basketball,Men's,Final Standings,2,UE,University of the East,10,5,,,,,structured/basketball/1987-1988.json
1987-1988,Basketball,Men's,Final Standings,3,UP,University of the Philippines,9,5,,,,,structured/basketball/1987-1988.json
1987-1988,Basketball,Men's,Final Standings,4,FEU,Far Eastern University,8,6,,,,,structured/basketball/1987-1988.json
1987-1988,Basketball,Men's,Final Standings,5,DLSU,De La Salle University,7,7,,,,,structured/basketball/1987-1988.json
1987-1988,Basketball,Men's,Final Standings,6,AdU,Adamson University,5,9,,,,,structured/basketball/1987-1988.json
1987-1988,Basketball,Men's,Final Standings,7,UST,University of Santo Tomas,3,11,,,,,structured/basketball/1987-1988.json
1987-1988,Basketball,Men's,Final Standings,8,NU,National University,2,12,,,,,structured/basketball/1987-1988.json
1987-1988,Basketball,Women's,Final Standings,1,UST,University of Santo Tomas,12,1,,,,,IMG_0902
1987-1988,Basketball,Women's,Final Standings,2,ADMU,Ateneo de Manila University,8,6,,,,,IMG_0902
1987-1988,Basketball,Women's,Final Standings,3,FEU,Far Eastern University,7,6,,,,,IMG_0902
1987-1988,Basketball,Women's,Final Standings,4,AdU,Adamson University,6,6,,,,,IMG_0902
1987-1988,Basketball,Women's,Final Standings,5,DLSU,De La Salle University,6,6,,,,,IMG_0902
1987-1988,Basketball,Women's,Final Standings,6,UE,University of the East,3,9,,,,,IMG_0902
1987-1988,Basketball,Women's,Final Standings,7,UP,University of the Philippines,2,10,,,,,IMG_0902
1987-1988,Chess,Juniors,Final Standings,1,FEU,Far Eastern University,,,9,Ronald Bancod,,,IMG_0914
1987-1988,Chess,Juniors,Final Standings,1,UST,University of Santo Tomas,,,10,Champion,,,IMG_0914
1987-1988,Chess,Juniors,Final Standings,3,NU,National University,,,,Third place,,,IMG_0914
1987-1988,Chess,Juniors,Final Standings,4,ADMU,Ateneo de Manila University,,,6,Fourth place,,,IMG_0914
1987-1988,Chess,Juniors,Final Standings,5,AdU,Adamson University,,,,Fifth place,,,IMG_0914
1987-1988,Chess,Juniors,Final Standings,6,DLSU,De La Salle University,,,,Sixth place,,,IMG_0914
1987-1988,Chess,Men's,Final Standings,1,AdU,Adamson University,,,21,,,,structured/chess/1987-1988.json
1987-1988,Chess,Men's,Final Standings,2,UST,University of Santo Tomas,,,19,,,,structured/chess/1987-1988.json
1987-1988,Chess,Men's,Final Standings,3,DLSU,De La Salle University,,,17,,,,structured/chess/1987-1988.json
1987-1988,Chess,Men's,Final Standings,4,FEU,Far Eastern University,,,15,,,,structured/chess/1987-1988.json
1987-1988,Chess,Men's,Final Standings,5,UE,University of the East,,,11,,,,structured/chess/1987-1988.json
1987-1988,Chess,Men's,Final Standings,6,ADMU,Ateneo de Manila University,,,10,,,,structured/chess/1987-1988.json
1987-1988,Football,Men's,Final Standings,1,UST,University of Santo Tomas,4,1,0,17,,,IMG_0931
1987-1988,Football,Men's,Final Standings,2,UP,University of the Philippines,4,0,1,15,,,IMG_0931
1987-1988,Football,Men's,Final Standings,3,FEU,Far Eastern University,3,0,2,13,,,IMG_0931
1987-1988,Football,Men's,Final Standings,4,DLSU,De La Salle University,2,1,2,10,,,IMG_0931
1987-1988,Football,Men's,Final Standings,5,ADMU,Ateneo de Manila University,1,0,4,7,,,IMG_0931
1987-1988,Football,Men's,Final Standings,6,UE,University of the East,0,0,5,3,,,IMG_0931
1987-1988,General Championship,Collegiate,Final Standings,1,UST,University of Santo Tomas,,,120,,,,structured/overall_standings/1987-1988.json
1987-1988,General Championship,Collegiate,Final Standings,2,FEU,Far Eastern University,,,84,,,,structured/overall_standings/1987-1988.json
1987-1988,General Championship,Collegiate,Final Standings,3,AdU,Adamson University,,,57,,,,structured/overall_standings/1987-1988.json
1987-1988,General Championship,Collegiate,Final Standings,4,UP,University of the Philippines,,,53,,,,structured/overall_standings/1987-1988.json
1987-1988,General Championship,Collegiate,Final Standings,5,ADMU,Ateneo de Manila University,,,46,,,,structured/overall_standings/1987-1988.json
1987-1988,General Championship,Collegiate,Final Standings,6,DLSU,De La Salle University,,,41,,,,structured/overall_standings/1987-1988.json
1987-1988,General Championship,Collegiate,Final Standings,7,UE,University of the East,,,18,,,,structured/overall_standings/1987-1988.json
1987-1988,General Championship,Collegiate,Final Standings,8,NU,National University,,,15,,,,structured/overall_standings/1987-1988.json
1987-1988,General Championship,junior,Final Standings,1,ADMU,Ateneo de Manila University,,,30,,,,structured/overall_standings/1987-1988.json
1987-1988,General Championship,junior,Final Standings,2,UST,University of Santo Tomas,,,26,,,,structured/overall_standings/1987-1988.json
1987-1988,General Championship,junior,Final Standings,3,FEU,Far Eastern University,,,24,,,,structured/overall_standings/1987-1988.json
1987-1988,General Championship,junior,Final Standings,4,DLSU,De La Salle University,,,19,,,,structured/overall_standings/1987-1988.json
1987-1988,General Championship,junior,Final Standings,5,NU,National University,,,16,,,,structured/overall_standings/1987-1988.json
1987-1988,General Championship,junior,Final Standings,6,AdU,Adamson University,,,12,,,,structured/overall_standings/1987-1988.json
1987-1988,General Championship,junior,Final Standings,7,UP,University of the Philippines,,,9,,,,structured/overall_standings/1987-1988.json
1987-1988,General Championship,Juniors,Final Standings,1,ADMU,Ateneo de Manila University,,,7,3,,,IMG_0896
1987-1988,General Championship,Juniors,Final Standings,2,UST,University of Santo Tomas,,,1,10,,,IMG_0896
1987-1988,General Championship,Juniors,Final Standings,3,FEU,Far Eastern University,,,15,6,,,IMG_0896
1987-1988,General Championship,Juniors,Final Standings,4,DLSU,De La Salle University,,,3,1,,,IMG_0896
1987-1988,General Championship,Juniors,Final Standings,5,NU,National University,,,2,4,,,IMG_0896
1987-1988,General Championship,Juniors,Final Standings,6,AdU,Adamson University,,,10,2,,,IMG_0896
1987-1988,General Championship,Juniors,Final Standings,7,UP,University of the Philippines,,,1,-,,,IMG_0896
1987-1988,Lawn Tennis,Juniors,Final Standings,2,FEU,Far Eastern University,,,,BASKETBALL,,,book
1987-1988,Lawn Tennis,Juniors,Final Standings,3,UST,University of Santo Tomas,,,,CHESS,,,book
1987-1988,Lawn Tennis,Juniors,Final Standings,4,DLSU,De La Salle University,,,,SWIMMING,,,book
1987-1988,Lawn Tennis,Juniors,Final Standings,5,ADMU,Ateneo de Manila University,,,,TRACK & FIELD,,,book
1987-1988,Lawn Tennis,Juniors,Final Standings,6,NU,National University,,,,TABLE TENNIS,,,book
1987-1988,Lawn Tennis,Men's,Final Standings,1,UST,University of Santo Tomas,8,0,2,Champion,,,"IMG_0929, IMG_0930"
1987-1988,Lawn Tennis,Men's,Final Standings,2,AdU,Adamson University,6,2,2,Singles,,,"IMG_0929, IMG_0930"
1987-1988,Lawn Tennis,Men's,Final Standings,3,DLSU,De La Salle University,3,5,2,Third place,,,"IMG_0929, IMG_0930"
1987-1988,Lawn Tennis,Men's,Final Standings,4,UP,University of the Philippines,,,2,Fourth place,,,"IMG_0929, IMG_0930"
1987-1988,Lawn Tennis,Men's,Final Standings,5,ADMU,Ateneo de Manila University,0,8,,Fifth place,,,"IMG_0929, IMG_0930"
1987-1988,Swimming,Juniors,Final Standings,2,FEU,Far Eastern University,,,,BASKETBALL,,,book
1987-1988,Swimming,Juniors,Final Standings,3,UST,University of Santo Tomas,,,,CHESS,,,book
1987-1988,Swimming,Juniors,Final Standings,4,DLSU,De La Salle University,,,,SWIMMING,,,book
1987-1988,Swimming,Juniors,Final Standings,5,ADMU,Ateneo de Manila University,,,,TRACK & FIELD,,,book
1987-1988,Swimming,Juniors,Final Standings,6,NU,National University,,,,TABLE TENNIS,,,book
1987-1988,Table Tennis,Collegiate,Final Standings,1,UST,University of Santo Tomas,,,120,,,,IMG_0895
1987-1988,Table Tennis,Collegiate,Final Standings,2,FEU,Far Eastern University,,,84,,,,IMG_0895
1987-1988,Table Tennis,Collegiate,Final Standings,3,AdU,Adamson University,,,57,,,,IMG_0895
1987-1988,Table Tennis,Collegiate,Final Standings,4,UP,University of the Philippines,,,53,,,,IMG_0895
1987-1988,Table Tennis,Collegiate,Final Standings,5,ADMU,Ateneo de Manila University,,,46,,,,IMG_0895
1987-1988,Table Tennis,Collegiate,Final Standings,6,DLSU,De La Salle University,,,41,,,,IMG_0895
1987-1988,Table Tennis,Collegiate,Final Standings,7,UE,University of the East,,,18,,,,IMG_0895
1987-1988,Table Tennis,Collegiate,Final Standings,8,NU,National University,,,15,,,,IMG_0895
1987-1988,Table Tennis,Juniors,Final Standings,1,ADMU,Ateneo de Manila University,,,30,TRACK & FIELD,,,"IMG_0894, IMG_0895"
1987-1988,Table Tennis,Juniors,Final Standings,2,UST,University of Santo Tomas,,,26,CHESS,,,"IMG_0894, IMG_0895"
1987-1988,Table Tennis,Juniors,Final Standings,3,FEU,Far Eastern University,,,24,BASKETBALL,,,"IMG_0894, IMG_0895"
1987-1988,Table Tennis,Juniors,Final Standings,4,DLSU,De La Salle University,,,19,SWIMMING,,,"IMG_0894, IMG_0895"
1987-1988,Table Tennis,Juniors,Final Standings,5,NU,National University,,,16,TABLE TENNIS,,,"IMG_0894, IMG_0895"
1987-1988,Table Tennis,Juniors,Final Standings,6,AdU,Adamson University,,,12,,,,"IMG_0894, IMG_0895"
1987-1988,Table Tennis,Juniors,Final Standings,7,UP,University of the Philippines,,,9,,,,"IMG_0894, IMG_0895"
1987-1988,Table Tennis,Men's,Final Standings,1,AdU,Adamson University,8,10,18,,,,structured/table_tennis/1987-1988.json
1987-1988,Table Tennis,Men's,Final Standings,2,NU,National University,8,6,14,,,,structured/table_tennis/1987-1988.json
1987-1988,Table Tennis,Men's,Final Standings,3,DLSU,De La Salle University,0,10,10,,,,structured/table_tennis/1987-1988.json
1987-1988,Table Tennis,Men's,Final Standings,4,FEU,Far Eastern University,7,2,9,,,,structured/table_tennis/1987-1988.json
1987-1988,Table Tennis,Men's,Final Standings,5,ADMU,Ateneo de Manila University,5,2,7,,,,structured/table_tennis/1987-1988.json
1987-1988,Table Tennis,Men's,Final Standings,6,UP,University of the Philippines,2,4,6,,,,structured/table_tennis/1987-1988.json
1987-1988,Table Tennis,Women's,Final Standings,1,UST,University of Santo Tomas,,,,,,,structured/table_tennis/1987-1988.json
1987-1988,Table Tennis,Women's,Final Standings,2,AdU,Adamson University,,,,,,,structured/table_tennis/1987-1988.json
1987-1988,Table Tennis,Women's,Final Standings,3,FEU,Far Eastern University,,,,,,,structured/table_tennis/1987-1988.json
1987-1988,Table Tennis,Women's,Final Standings,4,DLSU,De La Salle University,,,,,,,structured/table_tennis/1987-1988.json
1987-1988,Tae Kwon Do,Men's,Final Standings,1,UST,University of Santo Tomas,,,,FIRST PLACE,,,"IMG_0932, IMG_0933"
1987-1988,Tae Kwon Do,Men's,Final Standings,2,ADMU,Ateneo de Manila University,1,0,,ADMU,,,"IMG_0932, IMG_0933"
1987-1988,Tae Kwon Do,Men's,Final Standings,3,UE,University of the East,1,0,,Third place,,,"IMG_0932, IMG_0933"
1987-1988,Tae Kwon Do,Men's,Final Standings,4,UP,University of the Philippines,1,0,,Fourth place,,,"IMG_0932, IMG_0933"
1987-1988,Tae Kwon Do,Men's,Final Standings,5,DLSU,De La Salle University,0,1,,Fifth place,,,"IMG_0932, IMG_0933"
1987-1988,Tae Kwon Do,Men's,Final Standings,6,FEU,Far Eastern University,0,1,,Sixth place,,,"IMG_0932, IMG_0933"
1987-1988,Tae Kwon Do,Men's,Final Standings,7,AdU,Adamson University,0,1,,Seventh place,,,"IMG_0932, IMG_0933"
1987-1988,Track and Field,Juniors,Final Standings,2,FEU,Far Eastern University,,,,BASKETBALL,,,book
1987-1988,Track and Field,Juniors,Final Standings,3,UST,University of Santo Tomas,,,,CHESS,,,book
1987-1988,Track and Field,Juniors,Final Standings,4,DLSU,De La Salle University,,,,SWIMMING,,,book
1987-1988,Track and Field,Juniors,Final Standings,5,ADMU,Ateneo de Manila University,,,,TRACK & FIELD,,,book
1987-1988,Track and Field,Juniors,Final Standings,6,NU,National University,,,,TABLE TENNIS,,,book